XFMR F-1-j-1-01-SB-02 / 01,no ruteado,0
XFMR F-1-j-1-01-SB-01 / 01,no ruteado,0
PMDC E-1-m / 04,2A-P-E-450-511,2694,2A-P-E-450-510,2870,2A-P-E-300-511T001,1120
BDC F-1-j-1 / 20,2A-P-E-900-253.3,7785,2A-P-E-900-253.2,8303,2A-P-E-900-252.2T001,1420,2A-P-E-300-331T005,1353,2A-P-E-900-330,16936,2A-P-E-900-271,7940,2A-P-E-900-252.1,454,2A-P-E-900-331.1,3839,2A-P-E-900-331.2,3555
BDC F-1-j-1 / 23,no ruteado,0
BDC F-1-j-1 / 25,no ruteado,0
GEN F-1-m / 01,2A-P-E-900-411,5990,2A-P-E-900-412,5915
GEN F-1-j / 01,2A-P-E-900-405,7911,2A-P-E-900-406,7311
GEN F-1-c / 01,2B-P-E-900-103,23182,2B-P-E-900-104,23230,2B-P-E-900-201,14096,2B-P-E-900-202,14752
GEN F-1-b / 01,2B-P-E-900-101,27280,2B-P-E-900-102,27191,2B-P-E-900-301,15076,2B-P-E-900-302,15076
XFMR E-1-m-1-03 / 10,no ruteado,0
GEN F-1-a / 01,2B-P-E-900-105,21682,2B-P-E-900-106,21571,2B-P-E-900-203,9728,2B-P-E-900-204,9978
GEN E-1-m / 01,2A-P-E-900-408,6206,2A-P-E-900-409,5816
GEN E-1-j / 01,2A-P-E-900-402,7766,2A-P-E-900-403,7206
GEN E-1-i / 01,2A-P-E-900-107,43284,2A-P-E-900-108,43485,2A-P-E-900-303,9897,2A-P-E-900-304,10172
GEN E-1-f / 01,no ruteado,0
GEN E-1-e / 01,2B-P-E-900-111,29425,2B-P-E-900-112,29145,2B-P-E-900-303,16983,2B-P-E-900-304,18582
GEN E-1-d / 01,2B-P-E-900-109,23730,2B-P-E-900-110,23661,2B-P-E-900-207,10151,2B-P-E-900-208,10269
GEN E-1-c / 01,2A-P-E-900-101,27748,2A-P-E-900-102,27323,2A-P-E-900-201,8286,2A-P-E-900-202,8586
GEN E-1-b / 01,2A-P-E-900-105,36467,2A-P-E-900-106,36286,2A-P-E-900-301,8997,2A-P-E-900-302,8937
GEN E-1-a / 01,2A-P-E-900-103,27737,2A-P-E-900-104,27452,2A-P-E-900-203,9722,2A-P-E-900-204,9806
BDC F-1-j-1 / 24,no ruteado,0
BDC F-1-j-1 / 09,2A-P-E-900-252.4,3751,2A-P-E-900-253.3,4488,2A-P-E-900-331,7119,2A-P-E-300-331T001,1353,2A-P-E-900-252.2T001,1420,2A-P-E-900-252.2,8591,2A-P-E-900-330,16936,2A-P-E-900-271,7940
BDC F-1-j-1 / 05,2A-P-E-900-252.1,5493,2A-P-E-900-252.2,2502,2A-P-E-300-252.1T005,2590,2A-P-E-900-252.2T001,1420
BDC F-1-j-1 / 27,2A-P-E-900-253.3,7785,2A-P-E-900-253.2,8303,2A-P-E-900-252.2T001,1420,2A-P-E-900-330,3225,2A-P-E-900-271,7940,2A-P-E-900-252.1,454,2A-P-E-300-331T010,1353,2A-P-E-900-331.1,3839,2A-P-E-900-331.2,3555
BDC E-1-j-1 / 05,2A-P-E-300-209T003,2802,2A-P-E-600-210,8855,2A-P-E-900-210T002,670
BDC E-1-j-1 / 18,2A-P-E-600-306,10501,2A-P-E-900-219,7892,2A-P-E-600-209,4191,2A-P-E-900-210T002,670
BDC E-1-j-1 / 24,2A-P-E-900-324,114817,2A-P-E-600-209,2633,2A-P-E-900-210T002,670,2A-P-E-600-307,12462,2A-P-E-900-331,7119,2A-P-E-300-331T005,1353,2A-P-E-900-218,7646
BDC E-1-j-1 / 27,2A-P-E-900-324,114817,2A-P-E-300-331T006,1353,2A-P-E-600-209,2633,2A-P-E-900-210T002,670,2A-P-E-600-307,12462,2A-P-E-900-331,7119,2A-P-E-900-218,7646
BDC E-1-j-1 / 28,2A-P-E-900-324,114817,2A-P-E-300-331T009,1353,2A-P-E-600-209,2633,2A-P-E-900-210T002,670,2A-P-E-600-307,12462,2A-P-E-900-331,7119,2A-P-E-900-218,7646
ATS-PH-TR-2A-01 / 01,2A-P-E-450-511,2694,2A-P-E-450-512,3368,2A-P-E-300-512T001,2690,2A-P-E-300-511T001,1120
ATS-EB-2A-03 / 01,no ruteado,0
ATS-EB-2A-02 / 01,2A-P-E-900-323.1,63903,2A-P-E-900-323,51076,2A-P-E-600-306,21674,2A-P-E-300-331T005,1353,2A-P-E-900-331.1,3560,2A-P-E-900-331.2,3555
UPS-F-1-j-1-01-SB / 01,2A-P-E-900-252.1,11094,2A-P-E-600-259T005,916,2A-P-E-900-253.3,490,2A-P-E-900-252.4,527,2A-P-E-300-252.1T001,2190,2A-P-E-900-259,5425
UPS-E-1-j-1-01-NA / 01,2A-P-E-900-240,17891,2A-P-E-900-232,8106,2A-P-E-600-258T004,801,2A-P-E-900-238.2,4113,2A-P-E-900-258,11871,2A-P-E-900-238,1879,2A-P-E-300-238.2T003,985
BDC E-1-j-1 / -,no ruteado,0
UPS F-1-j-1-01-SB / 02,no ruteado,0
BDC F-1-j-1 / 01,2A-P-E-900-253.1,1075,2A-P-E-900-252.2,11093,2A-P-E-900-259,6457,2A-P-E-600-259T005,916,2A-P-E-900-252.2T001,1420,2A-P-E-900-252.1,454
BDC F-1-j-1 / 02,no ruteado,0
BDC F-1-j-1 / 03,2A-P-E-900-252.2,2502,2A-P-E-900-252.1,454,2A-P-E-300-252.1T001,2190,2A-P-E-900-252.2T001,1420
BDC F-1-j-1 / 04,2A-P-E-900-252.4,3751,2A-P-E-300-253.4T001,1650,2A-P-E-900-252.2T001,1420,2A-P-E-900-252.2,8591
BDC E-1-j-1 / 01,2A-P-E-900-210T002,670,2A-P-E-900-233.1,10331,2A-P-E-600-258T004,801,2A-P-E-900-258,20004,2A-P-E-600-210,3281,2A-P-E-900-233,41020
BDC E-1-j-1 / 02,2A-P-E-900-210T002,670,2A-P-E-900-233.1,10331,2A-P-E-600-258T004,801,2A-P-E-900-258,20004,2A-P-E-600-210,3281,2A-P-E-900-233,41020
BDC E-1-j-1 / 03,2A-P-E-900-210T002,670,2A-P-E-300-238.2T002,985,2A-P-E-900-238.2,4113,2A-P-E-600-210,3281,2A-P-E-900-238,1879,2A-P-E-900-233,41020
BDC E-1-j-1 / 04,2A-P-E-600-210,17149,2A-P-E-900-210T002,670,2A-P-E-300-210T011,1552
PMDC F-1-m / 03,no ruteado,0
PMDC E-1-n / 03,no ruteado,0
PMDC E-1-m / 03,2B--E-900-401,5988,2B-P-E-900-401,13270
PMDC F-1-j / 01,2A-P-E-900-255,16504,2A-P-E-900-404,17413
PMDC E-1-j / 01,2A-P-E-900-208,260,2A-P-E-900-208T001,1474,2A-P-E-900-230,106898,2A-P-E-900-401,18240,2A-P-E-1200-208,180,2A-P-E-600-208,929
UPB-F-1-j-1-01-SB / 01,2A-P-E-900-252.1,11094,2A-P-E-900-253.1,490,2A-P-E-900-259,5174,2A-P-E-300-259T006,1336,2A-P-E-300-252.1T001,2190
UPB-F-1-j-1-01-SB / 02,2A-P-E-900-252.1,11094,2A-P-E-900-253.1,490,2A-P-E-900-259,6457,2A-P-E-300-259T003,1696,2A-P-E-300-252.1T001,2190
UPB-E-1-j-1-01-NA / 01,2A-P-E-300-258T005,818,2A-P-E-900-240,10448,2A-P-E-900-232,8106,2A-P-E-300-238.2T002,985,2A-P-E-900-238.2,4113,2A-P-E-900-238,1879
UPB-E-1-j-1-01-NA / 02,2A-P-E-900-240,17891,2A-P-E-300-258T003,865,2A-P-E-900-232.1,42410,2A-P-E-900-232,8106,2A-P-E-300-238.2T002,985,2A-P-E-900-258,8176,2A-P-E-900-238,1879
PMDC F-1-m / 04,2A-P-E-450-511,2694,2A-P-E-450-510,2870,2A-P-E-300-511T001,1120
UP-F-1-j-1-01-SB-02 / 01,2A-P-E-600-260,23932,2A-P-E-300-250T002,516
UP-F-1-j-1-01-SB-02 / 02,2A-P-E-600-260,23932,2A-P-E-300-250T002,516
UP-F-1-j-1-01-SB-02 / 03,2A-P-E-600-260,19900,2A-P-E-300-250T002,516
UP-F-1-j-1-01-SB-02 / 04,2A-P-E-600-260,19900,2A-P-E-300-250T002,516
UP-F-1-j-1-01-SB-01 / 06,2A-P-E-900-253.1,490,2A-P-E-900-251.2,5472,2A-P-E-900-251.1,454,2A-P-E-300-253.2T002,2150,2A-P-E-300-250T001,516
UP-F-1-j-1-01-SB-01 / 01,2A-P-E-300-250.1,3499,2A-P-E-300-250T001,516
UP-F-1-j-1-01-SB-01 / 02,2A-P-E-300-250.2,3499,2A-P-E-300-250T001,516
UP-F-1-j-1-01-SB-01 / 03,2A-P-E-300-250.3,3499,2A-P-E-300-250T001,516
BDC F-1-j-1 / 0,no ruteado,0
BDC F-1-j-1 / -,no ruteado,0
UP-F-1-j-1-01-SB-01 / 04,2A-P-E-300-250.4,3499,2A-P-E-300-250T001,516
UP-F-1-j-1-01-SB-01 / 05,2A-P-E-300-250.5,6020,2A-P-E-300-250T001,516
UP-E-1-j-1-01-NA-02 / 04,2A-P-E-900-240,7443,2A-P-E-600-262,18306,2A-P-E-300-240T003,518,2A-P-E-600-261,6464
UP-E-1-j-1-01-NA-02 / 03,2A-P-E-900-240,7443,2A-P-E-600-262,18306,2A-P-E-300-240T003,518,2A-P-E-600-261,6464
UP-E-1-j-1-01-NA-02 / 02,2A-P-E-900-240,7443,2A-P-E-600-262,18306,2A-P-E-300-240T003,518,2A-P-E-600-261,1773
UP-E-1-j-1-01-NA-02 / 01,2A-P-E-900-240,7443,2A-P-E-600-262,18306,2A-P-E-300-240T003,518,2A-P-E-600-261,1773
UP-E-1-j-1-01-NA-01 / 06,2A-P-E-900-240,12851,2A-P-E-300-210T001,2512,2A-P-E-900-232,8106,2A-P-E-600-210,1234,2A-P-E-900-233,41020,2A-P-E-300-240T002,518
UP-E-1-j-1-01-NA-01 / 05,2A-P-E-900-240,2403,2A-P-E-600-262,18306,2A-P-E-300-261.1,3519,2A-P-E-300-240T002,518
UP-E-1-j-1-01-NA-01 / 04,2A-P-E-900-240,5040,2A-P-E-300-240.4,3661,2A-P-E-300-240T002,518
UP-E-1-j-1-01-NA-01 / 03,2A-P-E-900-240,5040,2A-P-E-300-240.3,3661,2A-P-E-300-240T002,518
UP-E-1-j-1-01-NA-01 / 02,2A-P-E-300-240.2,3661,2A-P-E-300-240T002,518
UP-E-1-j-1-01-NA-01 / 01,2A-P-E-300-240.1,3661,2A-P-E-300-240T002,518
PMDC F-1-j / 07,no ruteado,0
PMDC E-1-j / 07,no ruteado,0
MTS-F-1-j-1-01-SB-1-1 / 01,no ruteado,0
MTS-E-1-j-1-01-NA-1-1 / 01,no ruteado,0
BDC F-1-j-1 / 08,2A-P-E-900-252.2T001,1420,2A-P-E-300-253.1T006,1690,2A-P-E-900-252.2,8591,2A-P-E-900-252.1,6509
BDC F-1-j-1 / 18,2A-P-E-900-253.3,7785,2A-P-E-900-323.1,19165,2A-P-E-300-331T004,1353,2A-P-E-900-253.2,8303,2A-P-E-900-252.2T001,1420,2A-P-E-900-330,16936,2A-P-E-900-271,7940,2A-P-E-900-252.1,454
BDC F-1-j-1 / 28,2A-P-E-900-252.2,4881,2A-P-E-900-316,9283,2A-P-E-900-323,50651,2A-P-E-900-231.1,2331,2A-P-E-900-231,40073,2A-P-E-900-231.2,1995,2A-P-E-900-317,9148,2A-P-E-900-322,399,2A-P-E-300-322T001,1470,2A-P-E-900-252.2T001,1420,2A-P-E-600-345,6566
BDC E-1-j-1 / 14,2A-P-E-900-238,2486,2A-P-E-900-239,760,2A-P-E-300-239T001,1465,2A-P-E-900-210T002,670,2A-P-E-900-233,41020
BDC E-1-j-1 / 22,2A-P-E-600-209,2633,2A-P-E-900-210T002,670,2A-P-E-600-307,12462,2A-P-E-900-218,7646,2A-P-E-900-324,37338
BDC E-1-j-1 / 29,2A-P-E-900-221,3747,2A-P-E-900-207,12513,2A-P-E-600-221,300,2A-P-E-300-221T001,1370,2A-P-E-900-210T002,670
XFMR F-1-j-1-08 / 01,no ruteado,0
XFMR F-1-j-1-05 / 01,no ruteado,0
XFMR F-1-j-1-02 / 01,no ruteado,0
XFMR E-1-j-1-02 / 01,no ruteado,0
PMDC E-1-i / 05,2A-P-T-450-215,17888
PMDC E-1-c / 05,no ruteado,0
PMDC E-1-b / 05,2A-P-T-450-216,12804,2A-p-T-450-216,21288
PMDC E-1-a / 05,no ruteado,0
CP-F-1-j-1-01 / 04,2A-P-E-900-252.4,3224,2A-P-E-900-253.3,4488,2A-P-E-300-253.4T001,1650,2A-P-E-900-330,16936,2A-P-E-900-271,7940,2A-P-E-300-331T008,1353,2A-P-E-900-331.1,3559,2A-P-E-900-331.2,3564
PP-E-1-m-02 / 06,no ruteado,0
PP-E-1-m-02 / 05,no ruteado,0
CP-F-1-j-1-01 / 03,2A-P-E-900-323,51076,2A-P-E-900-251.2,13472,2A-P-E-900-251.4,3751,2A-P-E-900-232.2,1843,2A-P-E-300-307T003,1185,2A-P-E-300-253.4T001,1650,2A-P-E-600-306,415,2A-P-E-600-345,6566
CP-F-1-j-1-01 / 02,2A-P-E-900-252.4,3224,2A-P-E-900-253.3,4488,2A-P-E-300-253.4T001,1650,2A-P-E-900-330,16936,2A-P-E-900-271,7940,2A-P-E-300-331T007,1353,2A-P-E-900-331.1,3280,2A-P-E-900-331.2,3564
CP-F-1-j-1-01 / 01,2A-P-E-900-323,51076,2A-P-E-900-251.2,13472,2A-P-E-900-251.4,3751,2A-P-E-900-232.2,1843,2A-P-E-300-253.4T001,1650,2A-P-E-600-306,415,2A-P-E-300-307T002,1185,2A-P-E-600-345,6566
CP-E-1-j-1-01 / 04,2A-P-E-900-324,114817,2A-P-E-600-307,12462,2A-P-E-300-210T011,1552,2A-P-E-600-210,8294,2A-P-E-900-218,7646,2A-P-E-300-331T008,1353,2A-P-E-900-331.1,3560,2A-P-E-900-331.2,3555
CP-E-1-j-1-01 / 03,2A-P-E-300-307T003,1185,2A-P-E-600-307,11881,2A-P-E-300-210T011,1552,2A-P-E-600-210,8294,2A-P-E-900-218,7646
CP-E-1-j-1-01 / 02,2A-P-E-900-324,114817,2A-P-E-600-307,12462,2A-P-E-300-210T011,1552,2A-P-E-600-210,8294,2A-P-E-900-218,7646,2A-P-E-300-331T007,1353,2A-P-E-900-331.1,3560,2A-P-E-900-331.2,3555
CP-E-1-j-1-01 / 01,2A-P-E-600-307,11881,2A-P-E-300-210T011,1552,2A-P-E-600-210,8294,2A-P-E-900-218,7646,2A-P-E-300-307T002,1185
BDC E-1-j-1 / 09,2A-P-E-600-210,8855,2A-P-E-900-210T002,670,2A-P-E-600-307,11881,2A-P-E-300-307T009,1185,2A-P-E-900-218,7646
ATS-CCNR-2A-04 / 01,2A-P-E-900-323.1,31025,2A-P-E-300-331T008,1353
UP-F-1-j-1-01-SB-06 / 14,2A-P-T-300-340,9316
ATS-CCNR-2A-03 / 01,no ruteado,0
ATS-CCNR-2A-02 / 01,2A-P-E-900-323.1,42306,2A-P-E-300-331T007,1353,2A-P-E-900-331.1,3559,2A-P-E-900-331.2,3564
ATS-CCNR-2A-01 / 01,2A-P-E-600-307,2994,2A-P-E-900-324,70176,2A-P-E-300-307T002,1185
XFMR E-1-j-1-01-NA-02 / 01,no ruteado,0
XFMR E-1-j-1-01-NA-01 / 01,no ruteado,0
UPB-E-1-j-1 / 01,2A-P-E-900-239,2046,2A-P-E-300-239T001,1465,2A-P-E-900-239.1,5678,2A-P-E-300-239T006,1825
BDC F-1-j-1 / 19,2A-P-E-900-253.3,7785,2A-P-E-900-253.2,8303,2A-P-E-900-331,7119,2A-P-E-900-252.2T001,1420,2A-P-E-900-330,16936,2A-P-E-900-271,7940,2A-P-E-900-252.1,454
BDC F-1-j-1 / 26,no ruteado,0
BDC E-1-j-1 / 17,2A-P-E-900-316,9283,2A-P-E-600-306,11173,2A-P-E-900-270,7938,2A-P-E-600-320,19371,2A-P-E-900-219,7892,2A-P-E-600-209,4191,2A-P-E-900-210T002,670,2A-P-E-900-323,425
BDC E-1-j-1 / 23,2A-P-E-900-324,114817,2A-P-E-300-331T004,1353,2A-P-E-600-209,2633,2A-P-E-900-210T002,670,2A-P-E-600-307,12462,2A-P-E-900-331,7119,2A-P-E-900-218,7646
ATS-DC-2A-02 / 01,2A-P-E-900-316,3957,2A-P-E-900-323.1,63903,2A-P-E-900-323,50651,2A-P-E-300-331T004,1353,2A-P-E-900-331.1,3560,2A-P-E-900-331.2,3555
DCOP E-1-a / 03,no ruteado,0
DCOP E-1-a / 04,no ruteado,0
DCOP E-1-a / 05,no ruteado,0
DCOP E-1-a / 06,no ruteado,0
DCOP E-1-a / 07,no ruteado,0
XFMR E-1-j-1-05 / 01,no ruteado,0
PMDC E-1-m / 10,2A-P-E-450-520,3070,2A-P-E-450-521,1760,2A-P-E-300-521T004,2197
BDC F-1-j-1 / 07,2A-P-E-300-252.2T003,2647,2A-P-E-900-252.2T001,1420,2A-P-E-900-252.2,8591
DCOP E-1-c / 04,no ruteado,0
DCOP E-1-c / 05,no ruteado,0
DCOP E-1-c / 06,no ruteado,0
DCOP E-1-c / 07,no ruteado,0
DCOP E-1-c / 08,no ruteado,0
DCOP E-1-c / 09,no ruteado,0
BDC F-1-j-1 / 06,2A-P-E-900-252.1,5493,2A-P-E-900-252.2,2502,2A-P-E-300-252.1T002,2647,2A-P-E-900-252.2T001,1420
BDC F-1-j-1 / 10,2A-P-E-900-253.1,1075,2A-P-E-900-259,6457,2A-P-T-600-246,27699,2A-P-T-500-244,4542,2A-P-T-300-244T001,3196,2A-P-E-900-252.2T001,1420,2A-P-E-900-252.2,8591,2A-P-E-900-252.1,454
BDC F-1-j-1 / 12,2A-P-E-900-253.1,1075,2A-P-E-900-259,6457,2A-P-T-600-246,27699,2A-P-T-300-272,8142,2A-P-T-300-335,6891,2A-P-E-900-253.2,8303,2A-P-T-300-335T001,3177,2A-P-E-900-252.2T001,1420,2A-P-E-900-252.1,454
BDC E-1-j-1 / 06,2A-P-E-300-209T004,2879,2A-P-E-600-210,8855,2A-P-E-900-210T002,670
DCOP E-1-d / 05,no ruteado,0
DCOP E-1-d / 06,no ruteado,0
DCOP E-1-d / 07,no ruteado,0
DCOP E-1-d / 08,no ruteado,0
BDC E-1-j-1 / 07,2A-P-E-300-209T005,2479,2A-P-E-600-210,8855,2A-P-E-900-210T002,670
BDC E-1-j-1 / 10,2A-P-E-500-257,8804,2A-P-E-600-210,8855,2A-P-E-900-210T002,670
DCOP E-1-b / 03,no ruteado,0
DCOP E-1-b / 04,no ruteado,0
DCOP E-1-b / 05,no ruteado,0
DCOP E-1-b / 06,no ruteado,0
DCOP E-1-b / 07,no ruteado,0
BDC E-1-j-1 / 12,2A-P-T-900-308,20306,2A-P-E-500-328,8226,2A-P-E-600-210,8855,2A-P-E-900-210T002,670,2A-P-E-900-218,7646
XFMR F-1-j-1-07 / 01,no ruteado,0
XFMR F-1-j-1-06 / 01,no ruteado,0
XFMR F-1-j-1-03 / 01,no ruteado,0
BDC E-1-j-1 / 08,2A-P-E-600-210,17149,2A-P-E-900-210T002,670,2A-P-E-300-210T010,1552
XFMR E-1-j-1-03 / 01,no ruteado,0
XFMR E-1-j-1-07 / 01,no ruteado,0
XFMR E-1-j-1-06 / 01,no ruteado,0
USP-E-1-j-1-01-NA-1-1 / 40,2A-P-E-900-232.1,40325,2A-P-E-900-232,8106,2A-P-E-300-258T001,801,2A-P-E-600-307,18273,2A-P-E-300-238.2T001,985,2A-P-E-900-238,1879,2A-P-E-300-307T010,1552,2A-P-E-900-324,51076,2A-P-E-600-345,6566
BDC F-1-j-1 / 14,2A-P-E-900-231.1,2331,2A-P-E-900-231,89477,2A-P-E-900-251.2,4813,2A-P-E-900-231.2,1995,2A-P-E-900-207,18406,2A-P-E-600-209,4236,2A-P-E-450-3,39588,2A-P-E-900-251.2T001,1820
BDC E-1-j-1 / 16,2A-P-E-300-307T004,1185,2A-P-E-600-209,4191,2A-P-E-900-210T002,670,2A-P-E-600-307,11881,2A-P-E-900-218,7646
UPB-F-1-j-1-01-SB / 04,2A-P-E-900-252.1,11094,2A-P-E-900-253.1,490,2A-P-E-900-259,6457,2A-P-T-600-246,27699,2A-P-T-300-272,8142,2A-P-T-300-335,6891,2A-P-T-300-335.3,25808,2A-P-T-300-335.1,2282,2A-P-T-300-335.2,9589,2A-P-T-300-335.3T002,2062,2A-P-E-300-252.1T001,2190
UPB-F-1-j-1-01-SB / 05,2A-P-E-900-252.1,11094,2A-P-E-900-253.1,490,2A-P-E-900-259,6457,2A-P-T-600-246,27699,2A-P-T-500-244,4542,2A-P-T-500-244.1,12173,2A-P-T-300-244T002,2216,2A-P-E-300-252.1T001,2190
UPB-F-1-j-1-01-SB / 06,2A-P-E-900-252.1,11094,2A-P-E-900-253.1,490,2A-P-E-900-259,6457,2A-P-T-600-246,27699,2A-P-T-300-272,8142,2A-P-T-300-335,6891,2A-P-T-300-335.1,2282,2A-P-T-300-335.1T001,2438,2A-P-E-300-252.1T001,2190
UPB-F-1-j-1-01-SB / 03,2A-P-E-900-252.1,11094,2A-P-E-900-253.1,490,2A-P-E-900-259,6457,2A-P-T-600-246,27699,2A-P-T-500-244,4542,2A-P-T-500-242,20659,2A-P-T-500-244.1,12173,2A-P-T-500-244.3,3679,2A-P-T-500-244.2,9473,2A-P-T-300-242T001,2316,2A-P-E-300-252.1T001,2190
UPB-E-1-j-1-01-NA / 03,2A-P-E-900-240,5040,2A-P-E-500-241,25111,2A-P-E-900-238.1,2661,2A-P-E-900-238.2,607,2A-P-T-500-242,20659,2A-P-E-900-232.1,42410,2A-P-T-500-242.1,10117,2A-P-T-300-242.1T002,2171,2A-P-E-300-238.2T002,985,2A-P-E-900-258,11871
UPB-E-1-j-1-01-NA / 04,2A-P-E-500-241,25111,2A-P-E-900-238.1,2661,2A-P-E-900-238.2,607,2A-P-T-500-242,11009,2A-P-E-900-232.1,42410,2A-P-T-300-273,7160,2A-P-T-300-335.4,10382,2A-P-T-300-335.4T002,2212,2A-P-E-300-238.2T002,985,2A-P-E-900-258,14278
UPB-E-1-j-1-01-NA / 05,2A-P-E-500-241,25111,2A-P-E-900-238.1,2661,2A-P-E-900-238.2,607,2A-P-T-500-244.3,3679,2A-P-E-900-232.1,42410,2A-P-T-300-244.3T003,2144,2A-P-E-300-238.2T002,985,2A-P-E-900-258,14278
UPB-E-1-j-1-01-NA / 06,2A-P-E-500-241,25111,2A-P-T-300-335.3,25808,2A-P-E-900-238.1,2661,2A-P-E-900-238.2,607,2A-P-E-900-232.1,42410,2A-P-T-300-273,7160,2A-P-T-300-335.3T001,2259,2A-P-E-300-238.2T002,985,2A-P-E-900-258,14278
PMDC F-1-m / 06,no ruteado,0
PMDC F-1-m / 09,2A-P-E-450-500,3219,2A-P-E-300-501T001,1100,2A-P-E-450-501,1334
PMDC F-1-m / 07,no ruteado,0
PMDC F-1-c / 05,no ruteado,0
PMDC F-1-b / 05,2B-P-T-450-212,20027
PMDC F-1-a / 05,no ruteado,0
PMDC E-1-m / 08,2A-P-E-450-500,3219,2A-P-E-300-501T001,1100,2A-P-E-450-501,1334
PMDC E-1-m / 07,no ruteado,0
BDC F-1-j-1 / 15,2A-P-E-900-252.2,4881,2A-P-E-900-323,28497,2A-P-E-900-231.1,2331,2A-P-E-900-231,40073,2A-P-E-900-231.2,1995,2A-P-E-900-252.2T001,1420,2A-P-E-600-345,6566
BDC F-1-j-1 / 11,2A-P-E-900-253.1,1075,2A-P-E-900-259,6457,2A-P-T-600-246,27699,2A-P-T-500-244,4542,2A-P-E-900-253.2,8303,2A-P-T-300-244T001,3196,2A-P-E-900-252.2T001,1420,2A-P-E-900-252.1,454
BDC F-1-j-1 / 13,2A-P-E-900-253.1,1075,2A-P-E-900-259,6457,2A-P-T-600-246,27699,2A-P-T-300-272,8142,2A-P-T-300-335,6891,2A-P-E-900-253.2,8303,2A-P-T-300-335T001,3177,2A-P-E-900-252.2T001,1420,2A-P-E-900-252.1,454
BDC F-1-j-1 / 21,2A-P-E-900-252.2,4881,2A-P-E-900-316,3957,2A-P-E-900-323,50651,2A-P-E-900-231.1,2331,2A-P-E-900-231,40073,2A-P-E-900-231.2,1995,2A-P-E-900-252.2T001,1420,2A-P-E-600-345,6566
BDC F-1-j-1 / 22,2A-P-E-900-253.3,7785,2A-P-E-900-253.2,8303,2A-P-E-900-252.2T001,1420,2A-P-E-900-271,7940,2A-P-E-900-252.1,454
BDC E-1-j-1 / 11,2A-P-E-500-257,8804,2A-P-E-600-210,8855,2A-P-E-900-210T002,670
BDC E-1-j-1 / 13,2A-P-T-900-308,20306,2A-P-E-500-328,8226,2A-P-E-600-210,8855,2A-P-E-900-210T002,670,2A-P-E-900-218,7646
BDC E-1-j-1 / 20,2A-P-E-900-316,9283,2A-P-E-600-306,11173,2A-P-E-900-219,7892,2A-P-E-900-317,9148,2A-P-E-300-317,10230,2A-P-E-600-209,2633,2A-P-E-900-210T002,670,2A-P-E-900-323,425
BDC E-1-j-1 / 19,2A-P-E-900-316,9283,2A-P-E-600-306,11173,2A-P-E-900-219,7892,2A-P-E-900-317,9148,2A-P-E-300-317,10230,2A-P-E-600-209,4191,2A-P-E-900-210T002,670,2A-P-E-900-323,425
BDC E-1-j-1 / 21,2A-P-E-900-316,9283,2A-P-E-600-306,11173,2A-P-E-900-270,7938,2A-P-E-600-320,19371,2A-P-E-900-219,7892,2A-P-E-600-209,2633,2A-P-E-600-270,7161,2A-P-E-900-210T002,670,2A-P-E-900-323,425
ATS-CH-TR-2A-01 / 01,2A-P-E-300-501T001,1100,2A-P-E-300-501T002,2200
XFMR F-1-j-1-01-SB-06 / 01,no ruteado,0
XFMR F-1-j-1-01-SB-05 / 01,no ruteado,0
XFMR F-1-j-1-01-SB-04 / 01,no ruteado,0
XFMR F-1-j-1-01-SB-03 / 01,no ruteado,0
XFMR F-1-j-1-07-a / 01,no ruteado,0
XFMR F-1-j-1-06-a / 01,no ruteado,0
XFMR E-1-j-1-01-NA-06 / 01,no ruteado,0
XFMR E-1-j-1-01-NA-05 / 01,no ruteado,0
XFMR E-1-j-1-01-NA-04 / 01,no ruteado,0
XFMR E-1-j-1-01-NA-03 / 01,no ruteado,0
XFMR E-1-j-1-07-a / 01,no ruteado,0
XFMR E-1-j-1-06-a / 01,no ruteado,0
USP-F-1-j-1-01-SB-1-1 / 40,2A-P-E-900-253.2,4004,2A-P-E-900-253.4,3751,2A-P-E-300-253.2T001,1235,2A-P-E-300-331T011,1353,2A-P-E-900-330,16936,2A-P-E-900-271,7940,2A-P-E-900-253.3,4034,2A-P-E-900-331.1,3559,2A-P-E-900-331.2,1922
DCP F-1-a / 01,no ruteado,0
RP-F-1-j-1-02 / 40,2A-P-E-900-253.3,7258,2A-P-E-900-252.4,527,2A-P-E-300-252.1T004,1690,2A-P-E-300-331T002,1353,2A-P-E-900-330,16936,2A-P-E-900-271,7940,2A-P-E-900-252.1,8008,2A-P-E-900-331.1,3560,2A-P-E-900-331.2,3555
RP-E-1-j-1-02 / 40,2A-P-E-900-219,7892,2A-P-E-600-209,5901,2A-P-E-300-306T005,1585,2A-P-E-300-209T008,1952
RP-E-1-j-1-02 / 26,2A-P-E-900-232,42080,2A-P-E-600-209,16961,2A-P-E-900-232.1,42410,2A-P-E-600-248,2940,2A-P-E-900-252.1,2379,2A-P-E-900-233.1,8713,2A-P-E-300-209T008,1952
DCP F-1-a / 02,no ruteado,0
BATTERY F-1-a / 03,no ruteado,0
BATTERY CHARGER F-1-a / 04,no ruteado,0
EP-E-1-j-1-c / 14,no ruteado,0
PP-E-1-j-1-02 / 09,2A-P-T-900-308,7351,2A-P-T-900-325,50012,2A-P-E-300-307T009,1185
PP-E-1-j-1-01 / 12,2A-P-T-900-211,26028,2A-P-T-900-234,1314,2A-P-T-600-237,31142,2A-P-E-300-210T010,1552
DCP F-1-a / 07,no ruteado,0
DCP F-1-a / 08,no ruteado,0
DCP F-1-a / 09,no ruteado,0
DCP F-1-a / 10,no ruteado,0
BATTERY CHARGER E-1-a / 04,no ruteado,0
DCP E-1-a / 01,no ruteado,0
DCP E-1-a / 02,no ruteado,0
EP-E-1-j-1-c / 11,no ruteado,0
EP-E-1-j-1-c / 12,no ruteado,0
BATTERY E-1-a / 03,no ruteado,0
DCP E-1-a / 05,no ruteado,0
DCP E-1-a / 06,no ruteado,0
DCP E-1-a / 07,no ruteado,0
DCP E-1-a / 08,no ruteado,0
DCP E-1-a / 09,no ruteado,0
DCP E-1-a / 10,no ruteado,0
DCOP E-1-b / 01,no ruteado,0
DCOP E-1-b / 02,no ruteado,0
DCOP E-1-d / 01,no ruteado,0
DCOP E-1-d / 02,no ruteado,0
DCOP E-1-d / 03,no ruteado,0
DCOP E-1-d / 04,no ruteado,0
DCOP E-1-c / 01,no ruteado,0
DCOP E-1-c / 02,no ruteado,0
DCOP E-1-c / 03,no ruteado,0
DCOP E-1-a / 02,no ruteado,0
DCOP E-1-a / 01,no ruteado,0
BDC E-1-j-1 / 0,no ruteado,0
USP-E-1-j-1-01-NA-1-1 / 01,2A-P-E-900-253.3,981,2A-P-E-600-249,3070,2A-P-E-450-500,3219,2A-P-E-900-253.1,12384,2A-P-E-900-233.2,40711,2A-P-E-900-232.1,40325,2A-P-E-900-232,8106,2A-P-E-450-501,1360,2A-P-E-300-501T005,1366,2A-P-E-300-238.2T001,985,2A-P-E-900-238,1879
PP-F-1-j-1-06 / 12,2A-P-T-600-325.2,17500,2A-P-T-600-326,23404,2A-P-E-300-331T001,1353,2A-P-T-600-332,23270
PP-F-1-j-1-06 / 11,2A-P-T-600-325.2,17500,2A-P-T-600-326,23404,2A-P-E-300-331T001,1353,2A-P-T-600-332,23270
PP-F-1-j-1-06 / 19,2A-P-T-900-325.1,27565,2A-P-E-300-331T001,1353,2A-P-T-600-332,23270
LP-F-1-j-1-03 / 25,2A-P-E-900-253.3,7258,2A-P-E-900-252.4,527,2A-P-E-300-252.1T003,1690,2A-P-E-300-331T003,1353,2A-P-E-900-330,16936,2A-P-E-900-271,7940,2A-P-E-900-252.1,8008,2A-P-E-900-331.1,3560,2A-P-E-900-331.2,3555
LP-E-1-j-1-03 / 25,2A-P-E-600-306,8458,2A-P-E-900-219,7892,2A-P-E-600-209,5901,2A-P-E-300-209T009,1952,2A-P-E-300-307T006,1585
EP-E-1-j-1 / 03,no ruteado,0
MCU-02-MCC-100 / 03,2A-P-E-500-451,24594
MCU-02-MCC-100 / 04,2A-P-E-500-451,24594
MCU-01-MCC-100 / 03,2A-P-E-500-450,12370
MCU-01-MCC-100 / 04,2A-P-E-500-450,12370
PMDC E-1-f / 05,no ruteado,0
PMDC E-1-e / 05,2B-P-T-450-211,25842
PMDC E-1-d / 05,no ruteado,0
USP-F-1-j-1-01-SB-1-1-a / 08,2A-P-T-600-325.2,17500,2A-P-T-600-326,23404,2A-P-E-300-331T011,1353,2A-P-T-600-332,23270
USP-F-1-j-1-01-SB-1-1-a / 09,2A-P-T-600-325.2,17500,2A-P-T-600-326,23404,2A-P-E-300-331T011,1353,2A-P-T-600-332,23270
USP-F-1-j-1-01-SB-1-1-a / 17,2A-P-E-900-253.3,8333,2A-P-T-600-246,27699,2A-P-E-500-241,6794,2A-P-T-500-244,4542,2A-P-T-500-244.1,12173,2A-P-T-500-244.3,3679,2A-P-T-500-244.2,9473,2A-P-E-300-331T011,1353,2A-P-E-900-330,16936,2A-P-E-900-271,7940,2A-P-E-900-259,5425,2A-P-E-900-331.1,1917
USP-F-1-j-1-01-SB-1-1 / 01,2A-P-E-600-249,3070,2A-P-E-900-253.2,4004,2A-P-E-900-253.4,3751,2A-P-E-450-500,3219,2A-P-E-300-501T004,1366,2A-P-E-450-501,1360,2A-P-E-300-253.2T001,1235
USP-F-1-j-1-01-SB-1-1 / 17,2A-P-E-900-231.1,2331,2A-P-E-900-231,40073,2A-P-E-900-251.2,8000,2A-P-E-900-231.2,1995,2A-P-E-300-253.2T001,1235
USP-F-1-j-1-01-SB-1-1 / 22,2A-P-E-900-253.3,1075,2A-P-E-900-231.2,1995,2A-P-T-600-246,27699,2A-P-E-900-251.2,5472,2A-P-E-500-241,6794,2A-P-T-500-244,4542,2A-P-E-900-251.1,454,2A-P-T-500-244.1,12173,2A-P-T-500-244.3,3679,2A-P-T-500-244.2,9473,2A-P-E-900-251.3,527,2A-P-E-300-253.2T001,1235,2A-P-E-900-259,5425
USP-F-1-j-1-01-SB-1-1 / 23,2A-P-E-900-253.3,1075,2A-P-T-600-246,27699,2A-P-E-900-251.2,5472,2A-P-E-500-241,17227,2A-P-T-500-244,4542,2A-P-E-900-251.1,454,2A-P-T-500-244.1,12173,2A-P-T-500-244.3,3679,2A-P-T-500-244.2,9473,2A-P-E-900-251.3,527,2A-P-E-300-253.2T001,1235,2A-P-E-900-259,5425
USP-E-1-j-1-01-NA-1-1-a / 06,2A-P-E-600-315,6095,2A-P-E-600-307,21963,2A-P-E-600-305,6192,2A-P-E-300-307T010,1552
USP-E-1-j-1-01-NA-1-1-a / 07,2A-P-E-600-307,21963,2A-P-T-600-326,16858,2A-P-E-300-307T010,1552,2A-P-E-900-324,70176
USP-E-1-j-1-01-NA-1-1 / 13,2A-P-E-900-207,18406,2A-P-E-900-232,41257,2A-P-E-600-209,4236,2A-P-E-900-232.1,40325,2A-P-E-300-238.2T001,985,2A-P-E-900-238,1879
USP-E-1-j-1-01-NA-1-1 / 14,no ruteado,0
USP-E-1-j-1-01-NA-1-1 / 15,2A-P-E-900-233.2,40711,2A-P-E-900-232.1,40325,2A-P-E-900-232,8106,2A-P-E-300-238.2T001,985,2A-P-E-900-238,1879
USP-E-1-j-1-01-NA-1-1 / 16,2A-P-E-900-253.3,4205,2A-P-E-600-249,3070,2A-P-E-900-253.1,12384,2A-P-E-900-233.2,40711,2A-P-E-900-232.1,40325,2A-P-E-900-232,8106,2A-P-E-300-238.2T001,985,2A-P-E-900-238,1879
RP-F-1-j-1-02 / 16,2A-P-E-900-252.4,3751,2A-P-E-300-252.1T004,1690,2A-P-E-900-252.1,8462
RP-E-1-j-1-02 / 28,2A-P-E-900-232,50186,2A-P-E-600-249,3070,2A-P-E-600-209,16961,2A-P-E-900-232.2,1843,2A-P-E-900-253.2,12054,2A-P-E-900-253.4,3751,2A-P-E-900-232.1,42410,2A-P-E-300-209T008,1952
RP-E-1-j-1-02 / 27,2A-P-E-900-207,18406,2A-P-E-600-209,5901,2A-P-E-600-208,9986,2A-P-E-300-209T008,1952
PP-P 2A-03 / 16,no ruteado,0
PP-F-1-j-1-06 / 07,2A-P-E-300-331T001,1353,2A-P-T-600-332,13014
PP-F-1-j-1-06 / 06,2A-P-E-300-331T001,1353,2A-P-T-600-332,23270
PP-F-1-j-1-06 / 05,2A-P-E-300-331T001,1353,2A-P-T-600-332,13014
PP-F-1-j-1-06 / 26,2A-P-E-900-316,9283,2A-P-T-900-325,38940,2A-P-T-900-325.1,27565,2A-P-E-900-317,9148,2A-P-E-900-322,4054,2A-P-E-600-322,990,2A-P-E-300-331T001,1353,2A-P-T-600-332,23270
PP-F-1-j-1-06 / 25,2A-P-T-900-325.1,27565,2A-P-T-900-325,16736,2A-P-E-300-331T001,1353,2A-P-T-600-332,23270
PP-F-1-j-1-06 / 24,2A-P-T-900-325.1,27565,2A-P-E-300-331T001,1353,2A-P-T-600-332,23270
PP-F-1-j-1-03 / 07,2A-P-T-600-254,15732,2A-P-E-300-234.1,11431,2A-P-E-300-253.1T006,1690
PP-F-1-j-1-03 / 13,2A-P-E-900-251.1,1805,2A-P-E-300-253.1T006,1690
PP-F-1-j-1-03 / 12,2A-P-T-600-254,15732,2A-P-E-300-234.1,4553,2A-P-E-300-253.1T006,1690
PP-F-1-j-1-03 / 11,2A-P-T-600-254,15732,2A-P-E-300-234.1,4553,2A-P-E-300-253.1T006,1690
PP-F-1-j-1-03 / 10,2A-P-T-600-254,15732,2A-P-T-900-234,41330,2A-P-E-300-253.1T006,1690
PP-F-1-j-1-03 / 09,2A-P-T-600-254,15732,2A-P-T-900-234,41330,2A-P-E-900-240,10448,2A-P-E-300-253.1T006,1690
PP-F-1-j-1-03 / 08,2A-P-T-600-254,15732,2A-P-T-900-234,41330,2A-P-E-900-240,10448,2A-P-E-300-253.1T006,1690
PP-F-1-j-1-03 / 15,2A-P-T-600-254,15732,2A-P-T-900-234,81349,2A-P-T-600-237,31142,2A-P-E-900-207,2014,2A-P-E-300-253.1T006,1690
PP-F-1-j-1-03 / 18,2A-P-E-900-253.3,7785,2A-P-E-900-323.1,9062,2A-P-E-900-253.1,1673,2A-P-E-300-253.1T006,1690,2A-P-E-900-330,16936,2A-P-E-900-271,7940
PP-E-1-m-04 / 12,no ruteado,0
PP-E-1-m-04 / 13,no ruteado,0
PP-E-1-m-04 / 18,no ruteado,0
PP-E-1-m-03  / 01,no ruteado,0
PP-E-1-j-1-02 / 04,2A-P-T-900-308,7351,2A-P-T-600-321,34597,2A-P-E-300-307T009,1185
PP-E-1-j-1-02 / 03,2A-P-T-900-308,7351,2A-P-T-600-321,21232,2A-P-E-300-307T009,1185
PP-E-1-j-1-02 / 02,2A-P-T-900-308,7351,2A-P-T-900-325,50012,2A-P-E-300-307T009,1185
PP-E-1-j-1-02 / 20,2A-P-E-900-316,9283,2A-P-E-900-317,818,2A-P-E-600-306,8075,2A-P-E-300-307T009,1185,2A-P-E-900-323,425
PP-E-1-j-1-02 / 17,2A-P-E-900-316,9283,2A-P-E-900-317,9148,2A-P-T-600-236,830,2A-P-E-900-322,399,2A-P-E-600-322,990,2A-P-E-600-306,8075,2A-P-E-300-307T009,1185,2A-P-E-900-323,425
PP-E-1-j-1-02 / 15,2A-P-T-900-308,7351,2A-P-T-900-325,50012,2A-P-E-300-307T009,1185
PP-E-1-j-1-01 / 18,2A-P-T-900-211,26028,2A-P-T-900-234,1314,2A-P-T-600-237,31142,2A-P-E-300-210T010,1552
PP-E-1-j-1-01 / 21,2A-P-T-900-211,26028,2A-P-T-900-234,48105,2A-P-T-900-325,16736,2A-P-E-300-210T010,1552,2A-P-E-600-345,6566
PMDC E-1-n / 05,no ruteado,0
LP-E-1-j-1-03 / 13,no ruteado,0
EP-E-1-j-1 / 02,no ruteado,0
PP-E-1-j-1-01 / 22,2A-P-T-900-211,20052,2B-P-T-600-215,13466,2B-P-E-300-216T001,2248,2A-P-E-300-210T010,1552
PP-E-1-j-1-01-a / 01,2B-P-E-600-216,2690,2B-P-E-300-216T001,2248,2B-P-E-300-216T005,2648
ATS-FS-2A-08 / 01,no ruteado,0
ATS-FS-2A-08 / 01a,no ruteado,0
ATS-FS-2A-08 / 01b,no ruteado,0
PP-E-1-j-1-01-a / 02,2B-P-T-600-215,11741,2B-P-E-300-216T001,2248,2B-P-T-300-245,9091
PP-E-1-j-1-01-a / 09,no ruteado,0
PP-E-1-j-1-01-a / 10,no ruteado,0
EP-E-1-j-1 / 01,no ruteado,0
EP-E-1-j-1 / 04,no ruteado,0
PP-E-1-j-1-02 / 20c,no ruteado,0
PP-E-1-j-1-02 / 20b,no ruteado,0
PP-E-1-j-1-02 / 20a,no ruteado,0
PP-F-1-j-1-06 / 24c,no ruteado,0
PP-F-1-j-1-06 / 24b,no ruteado,0
PP-E-1-j-1-01 / 21c,no ruteado,0
PP-E-1-j-1-01 / 21a,no ruteado,0
PP-E-1-j-1-01 / 21b,no ruteado,0
PP-F-1-j-1-06 / 24a,no ruteado,0
PP-F-1-j-1-03 / 18b,no ruteado,0
PP-F-1-j-1-03 / 18a,no ruteado,0
PP-F-1-j-1-03 / 18c,no ruteado,0
ATS-FS-2A-05 / 1a,no ruteado,0
ATS-FS-2A-05 / 1b,no ruteado,0
ATS-FS-2A-05 / 1c,no ruteado,0
ATS-FS-2A-04 / 1d,no ruteado,0
ATS-FS-2A-04 / 1c,no ruteado,0
ATS-FS-2A-04 / 1b,no ruteado,0
ATS-FS-2A-04 / 1a,no ruteado,0
EP-E-1-j-1-b / 05,no ruteado,0
EP-E-1-j-1-b / 06,no ruteado,0
EP-E-1-j-1-b / 04,no ruteado,0
EP-E-1-j-1-b / 03,no ruteado,0
CP-F1 / 02,no ruteado,0
CP-E1 / 02,no ruteado,0
PP-E-1-j-1-02 / 22,2B-P-T-600-307,41105,2A-P-T-900-308,14379,2B-P-E-300-306T004,2049,2A-P-E-300-307T009,1185
PP-E-1-j-1-02-a / 01,2B-P-E-600-306,1416,2B-P-E-300-306T004,2049,2B-P-E-300-306T005,2466
ATS-FS-2A-09 / 01,no ruteado,0
ATS-FS-2A-09 / 01a,no ruteado,0
ATS-FS-2A-09 / 01b,no ruteado,0
ATS-FS-2A-09 / 01c,no ruteado,0
ATS-FS-2A-09 / 01d,no ruteado,0
ATS-FS-2A-09 / 01e,no ruteado,0
ATS-FS-2A-09 / 01f,no ruteado,0
PP-E-1-j-1-02-a / 02,2B-P-E-600-306,11174,2B-P-E-300-306T004,2049
PP-E-1-j-1-02-a / 02a,no ruteado,0
PP-E-1-j-1-02-a / 02b,no ruteado,0
BDC E-1-j-1 / 15,2A-P-E-900-207,18406,2A-P-E-900-210T002,670
ATS-FS-2A-05 / 01,no ruteado,0
ATS-FS-2A-04 / 01,no ruteado,0
ATS-FS-2A-01 / 01,no ruteado,0
USP-F-1-j-1-01-SB-1-1-a / 10,2A-P-T-600-325.2,17500,2A-P-T-600-326,23404,2A-P-E-300-331T011,1353,2A-P-T-600-332,23270
USP-F-1-j-1-01-SB-1-1-a / 11,2A-P-E-900-253.3,8333,2A-P-T-600-246,27699,2A-P-T-300-272,8142,2A-P-T-300-335,6891,2A-P-T-300-335.3,17721,2A-P-T-300-335.1,2282,2A-P-T-300-335.2,9589,2A-P-E-300-331T011,1353,2A-P-E-900-330,16936,2A-P-E-900-271,7940,2A-P-E-900-259,5425,2A-P-E-900-331.1,1917
USP-F-1-j-1-01-SB-1-1-a / 06,2A-P-T-900-325,66748,2A-P-T-900-325.1,27565,2A-P-E-600-315,6095,2A-P-E-300-331T011,1353,2A-P-T-600-332,23270
USP-F-1-j-1-01-SB-1-1 / 04,2A-P-E-900-231.1,2331,2A-P-E-900-231,90000,2A-P-E-900-251.2,8000,2A-P-E-900-231.2,1995,2A-P-E-600-213,7497,2A-P-E-300-253.2T001,1235
USP-E-1-j-1-01-NA-1-1-a / 08,2A-P-E-600-307,21963,2A-P-T-600-326,16858,2A-P-E-300-307T010,1552,2A-P-E-900-324,70176
USP-E-1-j-1-01-NA-1-1-a / 09,2A-P-E-600-307,21963,2A-P-T-600-326,16858,2A-P-E-300-307T010,1552,2A-P-E-900-324,70176
USP-E-1-j-1-01-NA-1-1-a / 05,2A-P-E-600-315,6095,2A-P-E-600-307,21963,2A-P-E-600-305,6192,2A-P-E-300-307T010,1552
USP-E-1-j-1-01-NA-1-1 / 18,2A-P-E-900-207,18406,2A-P-E-900-232,42080,2A-P-E-600-209,4236,2A-P-E-300-238.2T001,985
USP-E-1-j-1-01-NA-1-1 / 17,2A-P-E-900-253.3,4205,2A-P-E-600-249,3070,2A-P-E-900-253.1,12384,2A-P-E-900-233.2,40711,2A-P-E-900-232.1,40325,2A-P-E-900-232,8106,2A-P-E-300-238.2T001,985,2A-P-E-900-238,1879
USP-E-1-j-1-01-NA-1-1 / 29,2A-P-E-900-232,168320,2A-P-E-600-209,33708,2A-P-E-900-232.1,161300,2A-P-E-300-238.2T001,3940,2A-P-E-900-238,7516
USP-E-1-j-1-01-NA-1-1 / 30,2A-P-T-600-237,57676,2A-P-E-900-238,1214,2A-P-E-900-239,5612,2A-P-E-900-232.1,80650,2A-P-E-300-238.2T001,1970
RP-F-1-j-1-02-a / 30,2A-P-E-900-323.1,63903,2A-P-E-900-235,9106,2A-P-E-900-270,15238,2A-P-E-900-231,49404,2A-P-E-600-235,19691,2A-P-E-600-345,6566,2A-P-E-900-331.1,1642
RP-F-1-j-1-02 / 15,2A-P-E-900-231.1,2331,2A-P-E-900-231,47946,2A-P-E-300-252.1T004,1690,2A-P-E-900-251.1,12198
RP-F-1-j-1-02 / 14,2A-P-E-900-231.1,2331,2A-P-E-900-231,47946,2A-P-E-300-252.1T004,1690,2A-P-E-900-251.1,12198
RP-F-1-j-1-02 / 13,2A-P-E-900-231.1,2331,2A-P-E-900-231,47946,2A-P-E-300-252.1T004,1690,2A-P-E-900-251.1,12198
RP-E-1-j-1-02-a / 23,2A-P-E-900-316,9283,2A-P-E-900-270,7938,2A-P-E-600-320,19371,2A-P-E-600-306,2715,2A-P-E-900-323,425,2A-P-E-300-306T005,1585
PP-F-1-j-1-06 / 27,2A-P-T-900-308,1424,2A-P-T-900-325,66748,2A-P-T-900-325.1,27565,2A-P-E-300-307T001,1185,2A-P-E-300-331T001,1353,2A-P-T-600-332,23270
PP-E-1-m-02 / 07,no ruteado,0
PP-E-1-j-1-02 / 21,2A-P-E-300-307T009,1185,2A-P-E-600-306,5360
PP-E-1-j-1-02 / 18,2A-P-E-300-307T001,1185,2A-P-E-300-307T009,1185,2A-P-E-600-306,7660
PP-E-1-j-1-02 / 21b,no ruteado,0
PP-E-1-j-1-02 / 21a,no ruteado,0
PP-E-1-j-1-02 / 21c,no ruteado,0
ATS-FS-2A-06 / 01,no ruteado,0
EP-E-1-j-1-a/ 09,no ruteado,0
USP-F-1-j-1-01-SB-1-1-a / 07,2A-P-T-900-325,66748,2A-P-T-900-325.1,27565,2A-P-E-600-315,6095,2A-P-E-300-331T011,1353,2A-P-T-600-332,23270
USP-F-1-j-1-01-SB-1-1-a / 12,2A-P-E-900-253.3,8333,2A-P-T-600-246,27699,2A-P-T-300-272,8142,2A-P-T-300-335,6891,2A-P-T-300-335.3,17721,2A-P-T-300-335.1,2282,2A-P-T-300-335.2,9589,2A-P-E-300-331T011,1353,2A-P-E-900-330,16936,2A-P-E-900-271,7940,2A-P-E-900-259,5425,2A-P-E-900-331.1,1917
USP-F-1-j-1-01-SB-1-1-a / 18,2A-P-E-900-253.3,8333,2A-P-T-600-246,27699,2A-P-E-500-241,6794,2A-P-T-500-244,4542,2A-P-T-500-244.1,12173,2A-P-T-500-244.3,3679,2A-P-T-500-244.2,9473,2A-P-E-300-331T011,1353,2A-P-E-900-330,16936,2A-P-E-900-271,7940,2A-P-E-900-259,5425,2A-P-E-900-331.1,1917
USP-F-1-j-1-01-SB-1-1 / 05,2A-P-E-900-231.1,2331,2A-P-E-900-231,90000,2A-P-E-900-251.2,8000,2A-P-E-900-231.2,1995,2A-P-E-600-213,7497,2A-P-E-300-253.2T001,1235
USP-F-1-j-1-01-SB-1-1 / 06,2A-P-E-900-231.1,2331,2A-P-E-900-231,90000,2A-P-E-900-251.2,8000,2A-P-E-900-231.2,1995,2A-P-E-600-213,7497,2A-P-E-300-253.2T001,1235
USP-F-1-j-1-01-SB-1-1 / 07,2A-P-E-900-231.1,2331,2A-P-E-900-231,90000,2A-P-E-900-251.2,8000,2A-P-E-900-231.2,1995,2A-P-E-600-213,7497,2A-P-E-300-253.2T001,1235
USP-F-1-j-1-01-SB-1-1 / 18,2A-P-E-600-249,3070,2A-P-E-900-253.2,4004,2A-P-E-900-253.4,3751,2A-P-E-300-253.2T001,1235
USP-F-1-j-1-01-SB-1-1 / 08,2A-P-E-900-231.1,2331,2A-P-E-900-231,40073,2A-P-E-900-251.2,8000,2A-P-E-900-231.2,1995,2A-P-E-300-253.2T001,1235
USP-F-1-j-1-01-SB-1-1 / 09,2A-P-E-900-253.1,1529,2A-P-E-900-253.2,4004,2A-P-E-900-250,14022,2A-P-E-300-253.2T001,1235
USP-F-1-j-1-01-SB-1-1 / 10,2A-P-E-900-253.2,4004,2A-P-E-900-253.1,10459,2A-P-E-300-253.2T001,1235
USP-F-1-j-1-01-SB-1-1 / 11,2A-P-E-900-231.1,2331,2A-P-E-900-231,90000,2A-P-E-900-251.2,8000,2A-P-E-900-231.2,1995,2A-P-E-600-213,7497,2A-P-E-300-253.2T001,1235
USP-F-1-j-1-01-SB-1-1 / 12,2A-P-E-900-251.2,8000,2A-P-E-900-231.2,1995,2A-P-T-900-234,89435,2A-P-T-600-236,24068,2A-P-E-300-253.2T001,1235
USP-F-1-j-1-01-SB-1-1 / 13,2A-P-E-900-253.2,9592,2A-P-E-300-234.1,11601,2A-P-E-300-253.2T001,1235
USP-F-1-j-1-01-SB-1-1 / 14,2A-P-E-900-231.1,2331,2A-P-E-900-231,89477,2A-P-E-900-251.2,8000,2A-P-E-900-235,9106,2A-P-E-900-256,7938,2A-P-E-900-231.2,1995,2A-P-E-900-221,3747,2A-P-E-900-207,9921,2A-P-E-600-221,300,---900-,346,2A-P-E-300-253.2T001,1235
USP-F-1-j-1-01-SB-1-1 / 15,2A-P-E-900-231.1,2331,2A-P-E-900-231,89477,2A-P-E-900-251.2,8000,2A-P-E-900-235,9106,2A-P-E-900-256,7938,2A-P-E-900-231.2,1995,2A-P-E-900-221,3747,2A-P-E-900-207,9921,2A-P-E-600-221,300,---900-,346,2A-P-E-300-253.2T001,1235
USP-F-1-j-1-01-SB-1-1 / 19,2A-P-E-900-231.1,2331,2A-P-E-900-231,89477,2A-P-E-900-251.2,8000,2A-P-E-900-235,9106,2A-P-E-900-256,7938,2A-P-E-900-231.2,1995,2A-P-E-900-221,3747,2A-P-E-900-207,9921,2A-P-E-600-221,300,---900-,346,2A-P-E-300-253.2T001,1235
USP-F-1-j-1-01-SB-1-1 / 20,2A-P-E-900-231.1,2331,2A-P-E-900-231,89477,2A-P-E-900-251.2,8000,2A-P-E-900-235,9106,2A-P-E-900-256,7938,2A-P-E-900-221,3747,2A-P-E-900-207,9921,2A-P-E-600-221,300,---900-,346,2A-P-E-300-253.2T001,1235
USP-F-1-j-1-01-SB-1-1 / 16,no ruteado,0
USP-E-1-j-1-01-NA-1-1-a / 10,2A-P-E-500-241,17035,2A-P-E-600-307,21963,2A-P-T-300-335.3,25808,2A-P-T-500-242,11009,2A-P-T-300-273,7160,2A-P-E-900-240,10448,2A-P-E-900-258,17570,2A-P-E-300-307T010,1552,2A-P-E-900-324,51076,2A-P-E-600-345,6566
USP-E-1-j-1-01-NA-1-1-a / 11,2A-P-E-500-241,24839,2A-P-E-600-307,21963,2A-P-T-300-335.3,25808,2A-P-T-500-242,11009,2A-P-T-300-273,7160,2A-P-E-900-240,10448,2A-P-E-900-258,17570,2A-P-E-300-307T010,1552,2A-P-E-900-324,51076,2A-P-E-600-345,6566
USP-E-1-j-1-01-NA-1-1-a / 22,2A-P-T-900-308,21730,2A-P-T-900-325,50012,2A-P-E-500-241,18237,2A-P-E-900-232.1,2085,2A-P-E-900-258,20004,2A-P-E-300-307T010,1552,2A-P-E-600-345,6566
USP-E-1-j-1-01-NA-1-1 / 06,2A-P-E-900-238.1,2661,2A-P-E-900-238.2,607,2A-P-E-900-232.1,2085,2A-P-E-300-238.2T001,985,2A-P-E-900-258,3292
USP-E-1-j-1-01-NA-1-1 / 07,2A-P-E-900-233.2,40711,2A-P-E-900-232.1,40325,2A-P-E-900-232,8106,2A-P-E-900-259,9241,2A-P-E-300-238.2T001,985,2A-P-E-900-238,1879
USP-E-1-j-1-01-NA-1-1 / 08,2A-P-E-900-233.2,40711,2A-P-E-900-253.1,9679,2A-P-E-900-232.1,40325,2A-P-E-900-232,8106,2A-P-E-300-238.2T001,985,2A-P-E-900-238,1879
USP-E-1-j-1-01-NA-1-1 / 09,2A-P-E-900-232,42080,2A-P-E-600-213,7497,2A-P-E-900-232.1,40325,2A-P-E-300-238.2T001,985,2A-P-E-900-238,1879
USP-E-1-j-1-01-NA-1-1 / 10,2A-P-E-900-232,42080,2A-P-T-600-236,34148,2A-P-E-900-232.1,40325,2A-P-E-300-238.2T001,985,2A-P-E-900-238,1879
USP-E-1-j-1-01-NA-1-1 / 11,2A-P-E-300-234.1,11431,2A-P-E-900-233.2,40711,2A-P-E-900-232.1,40325,2A-P-E-900-232,8106,2A-P-E-900-233.3,1922,2A-P-E-300-238.2T001,985,2A-P-E-900-238,1879
USP-E-1-j-1-01-NA-1-1 / 12,2A-P-E-900-207,18406,2A-P-E-900-232,42080,2A-P-E-600-209,4236,2A-P-T-600-236,16218,2A-P-E-900-232.1,40325,2A-P-E-300-238.2T001,985,2A-P-E-900-238,1879
USP-E-1-j-1-01-NA-1-1 / 19,2A-P-E-900-207,7907,2A-P-E-900-232,42080,2A-P-E-600-209,4236,2A-P-E-300-238.2T001,985
USP-E-1-j-1-01-NA-1-1 / 21,2A-P-E-500-241,18237,2A-P-E-900-238.1,2661,2A-P-E-900-238.2,607,2A-P-E-900-232.1,2085,2A-P-E-300-238.2T001,985,2A-P-E-900-258,14278
USP-E-1-j-1-01-NA-1-1 / 22,2A-P-E-900-238.1,2661,2A-P-E-900-238.2,607,2A-P-E-900-232.1,2085,2A-P-E-300-238.2T001,985,2A-P-E-900-258,14278
USP-E-1-j-1-01-NA-1-1 / 04,2A-P-E-900-232,42080,2A-P-E-600-213,7497,2A-P-E-900-232.1,40325,2A-P-E-300-238.2T001,985,2A-P-E-900-238,1879
RP-F-1-j-1-02-a / 31,2A-P-E-900-323.1,63903,2A-P-E-900-235,9106,2A-P-E-900-270,15238,2A-P-E-900-231,49404,2A-P-E-600-235,19691,2A-P-E-600-345,6566,2A-P-E-900-331.1,1642
RP-F-1-j-1-02-a / 25,2A-P-E-900-323.1,46754,2A-P-E-900-331.1,1642
RP-F-1-j-1-02-a / 32,2A-P-E-900-323.1,46754,2A-P-E-900-331.1,1642
RP-F-1-j-1-02 / 20,2A-P-E-900-231.1,2331,2A-P-E-900-231,90000,2A-P-E-900-207,18406,2A-P-E-600-209,4236,2A-P-E-300-252.1T004,1690,2A-P-E-900-251.1,12198
RP-F-1-j-1-02 / 19,2A-P-E-900-252.4,3751,2A-P-E-600-249,3070,2A-P-E-300-252.1T004,1690,2A-P-E-900-252.1,8462
RP-E-1-j-1-02-a / 24,2A-P-E-900-316,9283,2A-P-E-900-270,7938,2A-P-E-600-320,19371,2A-P-E-300-331T002,1353,2A-P-E-600-306,2715,2A-P-E-900-323,425,2A-P-E-300-306T005,1585
RP-E-1-j-1-02-a / 22,2A-P-E-600-315,6095,2A-P-E-600-307,2994,2A-P-E-900-324,264,2A-P-E-300-306T005,1585
RP-E-1-j-1-02-a / 26,2A-P-E-600-315,6095,2A-P-E-300-331T002,1353,2A-P-E-600-307,2994,2A-P-E-900-324,264,2A-P-E-300-306T005,1585
RP-E-1-j-1-02-a / 27,2A-P-E-600-315,6095,2A-P-E-300-331T002,1353,2A-P-E-600-307,2994,2A-P-E-900-324,264,2A-P-E-300-306T005,1585
RP-E-1-j-1-02-a / 28,2A-P-E-600-315,6095,2A-P-E-300-331T002,1353,2A-P-E-600-307,2994,2A-P-E-900-324,264,2A-P-E-300-306T005,1585
RP-E-1-j-1-02-a / 29,2A-P-E-600-315,6095,2A-P-E-300-331T002,1353,2A-P-E-600-307,2994,2A-P-E-900-324,264,2A-P-E-300-306T005,1585
RP-E-1-j-1-02-a / 30,2A-P-E-600-315,6095,2A-P-E-300-331T002,1353,2A-P-E-600-307,2994,2A-P-E-900-324,264,2A-P-E-300-306T005,1585
RP-E-1-j-1-02-a / 31,2A-P-E-600-315,6095,2A-P-E-300-331T002,1353,2A-P-E-600-307,2994,2A-P-E-900-324,264,2A-P-E-300-306T005,1585
RP-E-1-j-1-02-a / 32,2A-P-E-600-315,6095,2A-P-E-300-331T002,1353,2A-P-E-600-307,2994,2A-P-E-300-306T005,1585
PP-F-1-j-1-06 / 28,2A-P-T-900-325,27808,2A-P-E-300-331T012,1353,2A-P-E-300-331T001,1353,2A-P-E-900-331.1,1638
PP-F-1-j-1-03 / 05,2A-P-T-600-254,15732,2A-P-E-300-234.1,4553,2A-P-E-300-253.1T006,1690
PP-F-1-j-1-03 / 02,2A-P-T-600-254,15732,2A-P-T-900-234,19543,2A-P-E-300-253.1T006,1690
PP-F-1-j-1-03 / 01,2A-P-T-600-254,15732,2A-P-E-300-253.1T006,1690
PP-F-1-j-1-03 / 03,2A-P-T-600-254,15732,2A-P-T-900-234,41330,2A-P-E-300-253.1T006,1690
PP-F-1-j-1-03 / 04,2A-P-T-600-254,15732,2A-P-E-300-234.1,5663,2A-P-E-300-253.1T006,1690
PP-F-1-j-1-03 / 17,2A-P-E-900-253.1,1673,2A-P-E-300-253.1T007,1340,2A-P-E-300-253.1T006,1690
PP-E-1-m-03  / 02,no ruteado,0
PP-E-1-m-02 / 01,no ruteado,0
PP-E-1-j-1-02 / 19,2A-P-E-900-324,114817,2A-P-E-300-331T012,1353,2A-P-E-600-307,8478,2A-P-E-300-307T009,1185,2A-P-E-900-331.1,1638
PP-E-1-j-1-01 / 06,2A-P-T-900-211,26028,2A-P-T-600-236,34148,2A-P-E-300-210T010,1552
PP-E-1-j-1-01 / 07,2A-P-T-900-211,26028,2A-P-T-600-236,5162,2A-P-E-300-210T010,1552
PP-E-1-j-1-01 / 05,2A-P-T-900-211,26028,2A-P-T-600-236,5162,2A-P-E-300-210T010,1552
PP-E-1-j-1-01 / 20,2A-P-T-900-211,26028,2A-P-T-600-254,15732,2A-P-T-900-234,89435,2A-P-E-300-253.1T007,1340,2A-P-E-300-210T010,1552
MOTST-EF 2A-10 / 01,no ruteado,0
MOTST-EF 2A-09 / 01,no ruteado,0
PP-F-1-j-1-03 / 22,2A-P-E-900-231.1,2331,2A-P-E-900-231,90000,2A-P-E-900-232,455,2B-P-E-600-216,11182,2A-P-E-900-251.1,12198,2B-P-E-300-216T002,2248,2A-P-E-600-209,3317,2A-P-E-300-253.1T006,1690,2A-P-E-600-210,11575
PP-F-1-j-1-03-a / 01,2B-P-E-600-216,2690,2B-P-E-300-216T002,2248,2B-P-E-300-216T005,2648
PP-F-1-j-1-03-a / 09,no ruteado,0
PP-F-1-j-1-03-a / 10,no ruteado,0
MOTST-EF 2A-08 / 01,no ruteado,0
MOTST-EF 2A-07 / 01,no ruteado,0
MOTST-EF 2A-04 / 01,no ruteado,0
MOTST-EF 2A-03 / 01,no ruteado,0
MOTST-EF 2A-02 / 01,no ruteado,0
MOTST-EF 2A-01 / 01,no ruteado,0
LP-E-1-j-1-03 / 14,no ruteado,0
ATS-FS-2A-07 / 1b,no ruteado,0
ATS-FS-2A-07 / 1a,no ruteado,0
ATS-FS-2A-03 / 1b,no ruteado,0
ATS-FS-2A-03 / 1a,no ruteado,0
EP-E-1-j-1-c / 10,no ruteado,0
EP-E-1-j-1-c / 09,no ruteado,0
EP-E-1-j-1-c / 05,no ruteado,0
EP-E-1-j-1-c / 06,no ruteado,0
EP-E-1-j-1-c / 04,no ruteado,0
ATS-FS-2A-07 / 01,no ruteado,0
ATS-FS-2A-03 / 01,no ruteado,0
USP-F-1-j-1-01-SB-1-1-a / 19,2A-P-E-900-253.3,8333,2A-P-T-600-246,27699,2A-P-T-300-272,8142,2A-P-T-300-335,6891,2A-P-T-300-335.3,17721,2A-P-T-300-335.1,2282,2A-P-T-300-335.2,9589,2A-P-E-300-331T011,1353,2A-P-E-900-330,16936,2A-P-E-900-271,7940,2A-P-E-900-259,5425,2A-P-E-900-331.1,1917
USP-F-1-j-1-01-SB-1-1 / 30,2A-P-E-900-253.1,4300,2A-P-E-900-251.2,21888,2A-P-E-600-260,88636,2A-P-E-900-251.1,1816,2A-P-E-300-253.2T001,4940
USP-F-1-j-1-01-SB-1-1 / 33,2A-P-E-900-231.1,2331,2A-P-E-900-231,89477,2A-P-E-900-251.2,8000,2A-P-E-900-235,9106,2A-P-E-900-256,7938,2A-P-E-900-231.2,1995,2A-P-E-900-221,3747,2A-P-E-900-207,9921,2A-P-E-600-221,300,---900-,346,2A-P-E-300-253.2T001,1235
USP-F-1-j-1-01-SB-1-1 / 21,2A-P-E-600-249,3070,2A-P-E-900-253.2,4004,2A-P-E-900-253.4,3751,2A-P-E-300-253.2T001,1235
USP-F-1-j-1-01-SB-1-1 / 28,2A-P-E-900-251.4,527,2A-P-E-900-253.2,9592,2A-P-E-300-234.1,11601,2A-P-E-300-253.2T001,1235
USP-F-1-j-1-01-SB-1-1 / 29,2A-P-E-900-251.2,5472,2A-P-E-900-251.4,3224,2A-P-E-300-253.2T001,1235
USP-F-1-j-1-01-SB-1-1 / 31,2A-P-E-900-253.3,2150,2A-P-T-600-246,13322,2A-P-E-900-251.2,10944,2A-P-E-900-251.1,908,2A-P-E-900-251.3,1054,2A-P-E-300-253.2T001,2470,2A-P-E-900-259,10850
USP-E-1-j-1-01-NA-1-1-a / 16,2A-P-E-900-316,9283,2A-P-E-600-306,21674,2A-P-E-900-317,9148,2A-P-E-300-307T010,1552,2A-P-E-900-323,425
USP-E-1-j-1-01-NA-1-1-a / 21,2A-P-E-500-241,24839,2A-P-E-600-307,21963,2A-P-T-300-335.3,25808,2A-P-T-500-242,11009,2A-P-T-300-273,7160,2A-P-E-900-240,10448,2A-P-E-900-258,17570,2A-P-E-300-307T010,1552,2A-P-E-900-324,51076,2A-P-E-600-345,6566
PP-F-1-j-1-06 / 29,2A-P-E-900-323.1,63903,2A-P-E-900-323,51076,2A-P-E-600-306,21674,2B-P-E-600-306,16693,2B-P-E-300-306T003,2049,2A-P-E-300-331T001,1353
PP-F-1-j-1-06-a / 01,2B-P-E-600-306,4283,2B-P-E-300-306T003,2049,2B-P-E-300-306T005,2466
PP-F-1-j-1-06-a / 09,no ruteado,0
PP-F-1-j-1-06-a / 10,no ruteado,0
USP-E-1-j-1-01-NA-1-1-a / 04,2A-P-E-600-315,6095,2A-P-E-600-307,21963,2A-P-E-600-305,6192,2A-P-E-300-307T010,1552
USP-E-1-j-1-01-NA-1-1-a / 25,2A-P-T-900-308,21730,2A-P-T-900-325,50012,2A-P-E-500-241,24839,2A-P-T-500-242,2944,2A-P-E-900-232.1,2085,2A-P-E-900-258,20004,2A-P-E-300-307T010,1552,2A-P-E-600-345,6566
USP-E-1-j-1-01-NA-1-1-a / 26,2A-P-T-900-308,21730,2A-P-T-900-325,50012,2A-P-E-500-241,24839,2A-P-T-500-242,8065,2A-P-E-900-232.1,2085,2A-P-T-300-273,7160,2A-P-T-300-335.3,8087,2A-P-E-900-258,20004,2A-P-E-300-307T010,1552,2A-P-E-600-345,6566
USP-E-1-j-1-01-NA-1-1 / 03,2A-P-E-900-232,42080,2A-P-E-600-213,7497,2A-P-E-900-232.1,40325,2A-P-E-300-238.2T001,985,2A-P-E-900-238,1879
USP-E-1-j-1-01-NA-1-1 / 20,2A-P-E-900-207,18406,2A-P-E-900-232,42080,2A-P-E-600-209,4236,2A-P-E-300-238.2T001,985
USP-E-1-j-1-01-NA-1-1 / 28,2A-P-E-900-232,20107,2A-P-T-600-236,17930,2A-P-E-900-232.1,40325,2A-P-E-300-238.2T001,985,2A-P-E-900-238,1879
RP-F-1-j-1-02-a / 29,2A-P-E-900-323.1,46754,2A-P-E-900-331.1,1642
RP-F-1-j-1-02-a / 28,2A-P-E-900-323.1,46754,2A-P-E-900-331.1,1642
RP-F-1-j-1-02-a / 27,2A-P-E-900-323.1,46754,2A-P-E-900-331.1,1642
RP-F-1-j-1-02-a / 26,2A-P-E-900-323.1,46754,2A-P-E-900-331.1,1642
RP-F-1-j-1-02-a / 24,2A-P-E-900-331.1,1642
RP-F-1-j-1-02-a / 34,no ruteado,0
RP-F-1-j-1-02-a / 35,2A-P-E-900-331.1,1642
RP-E-1-j-1-02-a / 25,2A-P-T-900-308,7351,2A-P-T-900-325,37543,2A-P-E-300-331T002,1353,2A-P-E-300-306T005,1585
RP-E-1-j-1-02-a / 21,2A-P-T-900-308,7351,2A-P-T-900-325,37543,2A-P-E-300-306T005,1585
RP-E-1-j-1-02-a / 12,2A-P-T-900-308,7351,2A-P-T-900-325,37543,2A-P-E-300-306T005,1585
RP-E-1-j-1-02-a / 13,2A-P-T-900-308,7351,2A-P-T-900-325,37543,2A-P-E-300-306T005,1585
RP-E-1-j-1-02-a / 14,2A-P-T-900-308,7351,2A-P-T-900-325,37543,2A-P-E-300-306T005,1585
RP-E-1-j-1-02-a / 15,2A-P-T-900-308,7351,2A-P-T-900-325,37543,2A-P-E-300-306T005,1585
RP-E-1-j-1-02-a / 16,2A-P-T-900-308,7351,2A-P-T-600-321,34597,2A-P-E-300-306T005,1585
RP-E-1-j-1-02 / 25,2A-P-T-900-211,26028,2A-P-T-600-236,34148,2A-P-E-300-209T008,1952
RP-E-1-j-1-02 / 20,2A-P-T-900-211,26028,2A-P-T-900-234,1314,2A-P-T-600-237,20787,2A-P-E-300-209T008,1952
RP-E-1-j-1-02 / 19,2A-P-T-900-211,26028,2A-P-T-900-234,1314,2A-P-T-600-237,20787,2A-P-E-300-209T008,1952
RP-E-1-j-1-02 / 18,2A-P-T-900-211,26028,2A-P-T-600-236,34148,2A-P-E-300-209T008,1952
PP-F-1-j-1-07 / 03,2A-P-T-600-325.2,17500,2A-P-T-600-326,23404,2A-P-T-600-332,23270,2A-P-E-300-331T010,1353,2A-P-E-900-331.1,1638
PP-F-1-j-1-07 / 06,2A-P-T-600-325.2,17500,2A-P-T-600-326,23404,2A-P-T-600-332,23270,2A-P-E-300-331T010,1353,2A-P-E-900-331.1,1638
PP-F-1-j-1-07 / 09,2A-P-T-600-325.2,17500,2A-P-T-600-326,17866,2A-P-T-600-332,23270,2A-P-E-300-331T010,1353,2A-P-E-900-331.1,1638
PP-F-1-j-1-07 / 12,2A-P-T-600-325.2,17500,2A-P-T-600-326,17866,2A-P-T-600-332,23270,2A-P-E-300-331T010,1353,2A-P-E-900-331.1,1638
PP-F-1-j-1-07 / 15,2A-P-E-900-324,92351,2A-P-E-300-331T010,1353,2A-P-E-900-331.1,1638
PP-F-1-j-1-07 / 18,2A-P-E-900-324,12399,2A-P-E-300-331T010,1353,2A-P-E-900-331.1,1638
PP-F-1-j-1-06 / 15,2A-P-T-600-325.2,17500,2A-P-E-300-331T001,1353,2A-P-T-600-332,23270
PP-F-1-j-1-06 / 02,2A-P-T-600-325.2,17500,2A-P-T-600-326,17866,2A-P-E-300-331T001,1353,2A-P-T-600-332,23270
PP-F-1-j-1-06 / 01,2A-P-T-600-325.2,17500,2A-P-T-600-326,33734,2A-P-E-300-331T001,1353,2A-P-T-600-332,23270
PP-F-1-j-1-03 / 20,2A-P-E-900-316,9283,2A-P-E-900-323,50651,2A-P-T-600-254,15732,2A-P-E-900-317,9148,2A-P-T-900-234,41330,2A-P-E-300-317,8920,2A-P-E-300-253.1T006,1690,2A-P-E-600-345,6566
PP-F-1-j-1-03 / 19,2A-P-E-900-316,9283,2A-P-E-900-323,50651,2A-P-T-600-254,15732,2A-P-E-900-317,9148,2A-P-T-900-234,41330,2A-P-E-300-317,8920,2A-P-E-300-253.1T006,1690,2A-P-E-600-345,6566
PP-E-1-m-03  / 03,no ruteado,0
PP-E-1-j-1-08 / 03,2A-P-E-900-316,9283,2A-P-E-900-270,7938,2A-P-E-600-320,19371,2A-P-E-300-307T004,1185,2A-P-E-600-306,2715,2A-P-E-900-323,425
PP-E-1-j-1-08 / 06,2A-P-E-900-316,9283,2A-P-E-900-270,7938,2A-P-E-600-320,19371,2A-P-E-300-307T004,1185,2A-P-E-600-306,2715,2A-P-E-900-323,425
PP-E-1-j-1-08 / 09,2A-P-E-900-316,9283,2A-P-E-900-270,7938,2A-P-E-600-320,19371,2A-P-E-300-307T004,1185,2A-P-E-600-306,2715,2A-P-E-900-323,425
PP-E-1-j-1-08 / 12,2A-P-E-900-316,9283,2A-P-E-900-270,7938,2A-P-E-600-320,19371,2A-P-E-300-307T004,1185,2A-P-E-600-306,2715,2A-P-E-900-323,425
PP-E-1-j-1-08 / 15,2A-P-E-900-316,9283,2A-P-E-900-270,7938,2A-P-E-600-320,19371,2A-P-E-300-307T004,1185,2A-P-E-600-306,2715,2A-P-E-900-323,425
PP-E-1-j-1-08 / 18,2A-P-E-900-316,9283,2A-P-E-900-270,7938,2A-P-E-600-320,19371,2A-P-E-300-307T004,1185,2A-P-E-600-306,2715,2A-P-E-900-323,425
PP-E-1-j-1-08 / 01,2A-P-E-900-316,9283,2A-P-E-900-270,7938,2A-P-E-600-320,19371,2A-P-E-300-307T004,1185,2A-P-E-600-306,2715,2A-P-E-900-323,425
PP-E-1-j-1-08 / 04,2A-P-E-900-316,9283,2A-P-E-900-270,7938,2A-P-E-600-320,19371,2A-P-E-300-307T004,1185,2A-P-E-600-306,2715,2A-P-E-900-323,425
PP-E-1-j-1-08 / 07,2A-P-E-900-316,9283,2A-P-E-900-270,7938,2A-P-E-600-320,19371,2A-P-E-300-307T004,1185,2A-P-E-600-306,2715,2A-P-E-900-323,425
PP-E-1-j-1-08 / 10,2A-P-E-900-316,9283,2A-P-E-900-270,7938,2A-P-E-600-320,19371,2A-P-E-300-307T004,1185,2A-P-E-600-306,415,2A-P-E-900-323,425
PP-E-1-j-1-08 / 13,2A-P-E-900-316,9283,2A-P-E-900-270,7938,2A-P-E-600-320,19371,2A-P-E-300-307T004,1185,2A-P-E-600-306,2715,2A-P-E-900-323,425
PP-E-1-j-1-08 / 16,2A-P-E-900-316,9283,2A-P-E-900-270,7938,2A-P-E-600-320,19371,2A-P-E-300-307T004,1185,2A-P-E-600-306,2715,2A-P-E-900-323,425
PP-E-1-j-1-02 / 10,2A-P-T-900-308,7351,2A-P-T-900-325,50012,2A-P-E-300-307T009,1185
PP-E-1-j-1-02 / 05,2A-P-T-900-308,7351,2A-P-T-600-321,14116,2A-P-E-300-307T009,1185
PP-E-1-j-1-02 / 01,2A-P-T-900-308,7351,2A-P-T-900-325,22204,2A-P-E-300-307T009,1185
PP-E-1-j-1-02 / 16,2A-P-T-900-308,7351,2A-P-T-600-321,34597,2A-P-E-300-307T009,1185
PP-E-1-j-1-01 / 19,2A-P-E-900-207,12513,2A-P-E-600-209,9218,2A-P-E-600-208,9986,2A-P-E-300-210T010,1552
MOTST-EF 2A-06 / 01,no ruteado,0
MOTST-EF 2A-12 / 01,no ruteado,0
MOTST-EF 2A-05 / 01,no ruteado,0
EP-E-1-j-1-c / 03,no ruteado,0
PP-E-1-j-1-02 / 16c,no ruteado,0
PP-E-1-j-1-02 / 16b,no ruteado,0
PP-F-1-j-1-03 / 20a,no ruteado,0
PP-F-1-j-1-03 / 19a,no ruteado,0
PP-E-1-j-1-02 / 16a,no ruteado,0
ATS-FS-2A-01 / 01e,no ruteado,0
ATS-FS-2A-01 / 01d,no ruteado,0
UPS-E-1-j-1-01-NA / 02,2A-P-E-900-235,9106,2A-P-E-900-256,7938,2A-P-E-900-221,4204,2A-P-E-900-221T002,1266,2A-P-E-900-233.1,10331,2A-P-E-600-258T004,801,2A-P-E-900-258,20004,2A-P-E-900-233,41020
ATS-FS-2A-01 / 01c,no ruteado,0
ATS-FS-2A-01 / 01b,no ruteado,0
ATS-FS-2A-01 / 01a,no ruteado,0
EP-E-1-j-1-c / 08,no ruteado,0
EP-E-1-j-1-c / 07,no ruteado,0
EP-E-1-j-1-c / 13,no ruteado,0
EP-E-1-j-1-a/ 08,no ruteado,0
LP-F-1-j-1-03/ 15,no ruteado,0
USP-F-1-j-1-01-SB-1-1-a / 01,2A-P-E-900-316,9283,2A-P-T-900-325,66748,2A-P-E-900-270,7938,2A-P-E-600-320,19371,2A-P-T-900-325.1,27565,2A-P-E-300-331T011,1353,2A-P-T-600-332,23270
USP-F-1-j-1-01-SB-1-1-a / 16,2A-P-E-900-253.3,16666,2A-P-T-600-246,55398,2A-P-T-300-272,16284,2A-P-E-300-331T011,2706,2A-P-E-900-330,33872,2A-P-E-900-271,15880,2A-P-E-900-259,10850
USP-F-1-j-1-01-SB-1-1-a / 04,2A-P-T-900-325,66748,2A-P-T-900-325.1,27565,2A-P-E-600-315,6095,2A-P-E-300-331T011,1353,2A-P-T-600-332,23270
USP-F-1-j-1-01-SB-1-1-a / 15,2A-P-E-900-323.1,38330,2A-P-T-600-325.2,35000,2A-P-T-600-326,35732,2A-P-E-300-331T011,2706
USP-F-1-j-1-01-SB-1-1-a / 20,2A-P-E-900-253.3,8333,2A-P-T-600-246,27699,2A-P-T-300-272,8142,2A-P-T-300-335,6891,2A-P-T-300-335.3,17721,2A-P-T-300-335.1,2282,2A-P-T-300-335.2,9589,2A-P-E-300-331T011,1353,2A-P-E-900-330,16936,2A-P-E-900-271,7940,2A-P-E-900-259,5425,2A-P-E-900-331.1,1917
USP-F-1-j-1-01-SB-1-1-a / 03,2A-P-T-900-325,66748,2A-P-T-900-325.1,27565,2A-P-E-600-315,6095,2A-P-E-300-331T011,1353,2A-P-T-600-332,23270
USP-F-1-j-1-01-SB-1-1-a / 05,2A-P-T-900-325,66748,2A-P-T-900-325.1,27565,2A-P-E-600-315,6095,2A-P-E-300-331T011,1353,2A-P-T-600-332,23270
USP-F-1-j-1-01-SB-1-1-a / 23,2A-P-E-900-253.3,7785,2A-P-E-900-253.1,10005,2A-P-E-300-331T011,1353,2A-P-E-900-330,16936,2A-P-E-900-271,7940
USP-F-1-j-1-01-SB-1-1-a / 24,2A-P-T-600-325.2,17500,2A-P-T-600-326,23404,2A-P-E-300-331T011,1353,2A-P-T-600-332,23270
USP-F-1-j-1-01-SB-1-1-a / 21,2A-P-E-900-253.3,4488,2A-P-E-600-249,3070,2A-P-E-300-331T011,1353,2A-P-E-900-330,16936,2A-P-E-900-271,7940
USP-F-1-j-1-01-SB-1-1-a / 22,2A-P-E-900-253.3,4488,2A-P-E-600-249,3070,2A-P-E-300-331T011,1353,2A-P-E-900-330,16936,2A-P-E-900-271,7940
USP-F-1-j-1-01-SB-1-1-a / 13,2A-P-E-300-331T011,1353,2A-P-E-900-330,16936,2A-P-E-900-331.1,1917
USP-F-1-j-1-01-SB-1-1-a / 14,2A-P-E-300-331T011,1353,2A-P-E-900-330,11556
USP-F-1-j-1-01-SB-1-1 / 24,2A-P-E-600-249,3070,2A-P-E-900-253.2,4004,2A-P-E-900-253.4,3751,2A-P-E-300-253.2T001,1235
USP-F-1-j-1-01-SB-1-1 / 38,2A-P-E-900-253.3,4488,2A-P-E-900-251.2,5472,2A-P-E-900-251.4,3751,2A-P-E-300-253.2T001,1235,2A-P-E-900-330,16936,2A-P-E-900-271,7940,2A-P-E-900-331.1,1642,2A-P-E-900-331.2,1922
USP-F-1-j-1-01-SB-1-1 / 26,2A-P-E-600-249,3070,2A-P-E-900-253.2,4004,2A-P-E-900-253.4,3751,2A-P-E-300-253.2T001,1235
USP-F-1-j-1-01-SB-1-1 / 25,2A-P-E-600-249,3070,2A-P-E-900-253.2,4004,2A-P-E-900-253.4,3751,2A-P-E-300-253.2T001,1235
USP-F-1-j-1-01-SB-1-1 / 27,2A-P-E-900-231.1,2331,2A-P-E-900-231,40073,2A-P-E-900-251.2,13472,2A-P-E-900-231.2,1995,2A-P-E-900-251.4,3751,2A-P-E-300-253.2T001,1235
USP-F-1-j-1-01-SB-1-1 / 32,2A-P-E-900-253.2,9592,2A-P-E-300-234.1,7068,2A-P-E-300-253.2T001,1235
USP-F-1-j-1-01-SB-1-1 / 34,2A-P-E-900-323.1,9062,2A-P-E-600-249,3070,2A-P-E-900-253.2,4004,2B-P-E-600-306,16693,2A-P-E-900-253.4,3751,2A-P-E-300-253.2T001,1235
USP-F-1-j-1-01-SB-1-1 / 35,2A-P-E-900-251.2,5472,2A-P-E-900-251.4,3751,2A-P-E-300-253.2T001,1235
USP-F-1-j-1-01-SB-1-1 / 36,2A-P-E-900-231,5859,2A-P-E-900-253.2,9592,2A-P-E-300-234.1,11601,2A-P-E-300-253.2T001,1235
USP-F-1-j-1-01-SB-1-1 / 37,2A-P-E-600-249,3070,2A-P-E-900-253.2,4004,2A-P-E-900-253.4,3751,2A-P-E-300-253.2T001,1235
USP-E-1-j-1-01-NA-1-1-a / 17,2A-P-E-900-323,153228,2A-P-E-600-306,65022,2A-P-E-900-323.1,51447,2A-P-E-300-307T010,4656
USP-E-1-j-1-01-NA-1-1-a / 03,2A-P-E-600-315,6095,2A-P-E-600-307,21963,2A-P-E-600-305,6192,2A-P-E-300-307T010,1552
USP-E-1-j-1-01-NA-1-1-a / 18,2A-P-T-900-308,40612,2A-P-E-300-307T010,3104
USP-E-1-j-1-01-NA-1-1-a / 02,2A-P-E-600-315,6095,2A-P-E-600-307,21963,2A-P-E-600-305,6192,2A-P-E-300-307T010,1552
USP-E-1-j-1-01-NA-1-1-a / 31,2A-P-E-600-307,21963,2A-P-E-300-307T010,1552,2A-P-E-900-324,70176
USP-E-1-j-1-01-NA-1-1-a / 27,2A-P-E-600-307,9501,2A-P-E-600-210,8294,2A-P-E-900-218,7646,2A-P-E-300-307T010,1552
USP-E-1-j-1-01-NA-1-1-a / 28,2A-P-T-900-308,21730,2A-P-T-900-325,50012,2A-P-E-900-238.1,2661,2A-P-E-900-238.2,607,2A-P-E-900-232.1,2085,2A-P-E-900-258,5726,2A-P-E-300-307T010,1552,2A-P-E-600-345,6566
USP-E-1-j-1-01-NA-1-1-a / 30,2A-P-E-600-315,6095,2A-P-E-600-307,21963,2A-P-E-600-305,6192,2A-P-E-300-307T010,1552
USP-E-1-j-1-01-NA-1-1-a / 13,2A-P-E-900-323,10958,2A-P-E-600-306,21674,2A-P-E-300-307T010,1552
USP-E-1-j-1-01-NA-1-1-a / 14,2A-P-E-900-323,51076,2A-P-E-600-306,21674,2A-P-E-900-323.1,17149,2A-P-E-300-307T010,1552
USP-E-1-j-1-01-NA-1-1-a / 24,2A-P-E-900-316,9283,2A-P-E-600-306,21674,2A-P-E-300-307T010,1552,2A-P-E-900-323,425
USP-E-1-j-1-01-NA-1-1-a / 12,2A-P-E-900-323,22579,2A-P-E-600-306,21674,2A-P-E-300-307T010,1552
USP-E-1-j-1-01-NA-1-1-a / 15,2A-P-E-900-323,51076,2A-P-E-600-306,21674,2A-P-E-900-323.1,17149
USP-E-1-j-1-01-NA-1-1-a / 19,2A-P-E-900-323,10958,2A-P-E-600-306,21674,2A-P-E-300-307T010,1552
USP-E-1-j-1-01-NA-1-1-a / 20,2A-P-E-500-241,24839,2A-P-E-600-307,21963,2A-P-T-300-335.3,25808,2A-P-T-500-242,11009,2A-P-T-300-273,7160,2A-P-E-900-240,10448,2A-P-E-900-258,17570,2A-P-E-300-307T010,1552,2A-P-E-900-324,51076,2A-P-E-600-345,6566
USP-E-1-j-1-01-NA-1-1-a / 23,2A-P-T-900-308,21730,2A-P-T-900-325,50012,2A-P-E-500-241,18237,2A-P-E-900-232.1,2085,2A-P-E-900-258,20004,2A-P-E-300-307T010,1552,2A-P-E-600-345,6566
USP-E-1-j-1-01-NA-1-1-a / 29,2A-P-E-900-316,9283,2A-P-E-600-306,21674,2A-P-E-900-317,9148,2A-P-E-300-307T010,1552,2A-P-E-900-323,425
USP-E-1-j-1-01-NA-1-1 / 02,2A-P-E-900-232,42080,2A-P-E-600-213,7497,2A-P-E-900-232.1,40325,2A-P-E-300-238.2T001,985,2A-P-E-900-238,1879
USP-E-1-j-1-01-NA-1-1 / 05,2A-P-E-900-232,42080,2A-P-E-600-213,7497,2A-P-E-900-232.1,40325,2A-P-E-300-238.2T001,985,2A-P-E-900-238,1879
USP-E-1-j-1-01-NA-1-1 / 26,2A-P-E-900-232,36236,2A-P-E-900-232.1,40325,2A-P-E-300-238.2T001,985,2A-P-E-900-238,1879
USP-E-1-j-1-01-NA-1-1 / 23,2A-P-E-900-253.3,4205,2A-P-E-600-249,3070,2A-P-E-900-253.1,12384,2A-P-E-900-233.2,40711,2A-P-E-900-232.1,40325,2A-P-E-900-232,8106,2A-P-E-300-238.2T001,985,2A-P-E-900-238,1879
USP-E-1-j-1-01-NA-1-1 / 24,2A-P-E-900-207,18406,2A-P-E-900-232,42080,2A-P-E-600-209,4236,2A-P-E-300-238.2T001,985
USP-E-1-j-1-01-NA-1-1 / 35,2A-P-E-900-207,18406,2A-P-E-900-232,42080,2A-P-E-600-209,4236,2A-P-E-300-238.2T001,985
USP-E-1-j-1-01-NA-1-1 / 34,2A-P-E-900-207,18406,2A-P-E-900-232,42080,2A-P-E-600-209,4236,2A-P-E-300-238.2T001,985
USP-E-1-j-1-01-NA-1-1 / 25,2A-P-E-900-232,26908,2A-P-E-900-232.1,40325,2A-P-E-300-238.2T001,985,2A-P-E-900-238,1879
USP-E-1-j-1-01-NA-1-1 / 27,2A-P-T-600-237,16848,2A-P-E-900-238,607,2A-P-E-900-239,2806,2A-P-E-900-232.1,40325,2A-P-E-300-238.2T001,985
USP-E-1-j-1-01-NA-1-1 / 31,2A-P-E-900-232,26908,2A-P-E-900-232.1,40325,2A-P-E-300-238.2T001,985,2A-P-E-900-238,1879
USP-E-1-j-1-01-NA-1-1 / 32,2A-P-E-900-207,18406,2A-P-E-900-232,42080,2A-P-E-600-209,4236,2A-P-E-300-238.2T001,985
USP-E-1-j-1-01-NA-1-1 / 33,2A-P-E-900-253.3,4205,2A-P-E-600-249,3070,2A-P-E-900-253.1,12384,2A-P-E-900-233.2,40711,2A-P-E-900-232.1,40325,2A-P-E-900-232,8106,2A-P-E-300-238.2T001,985,2A-P-E-900-238,1879
UP-F-1-j-1-01-SB-01 / 10,no ruteado,0
RP-F-1-j-1-02-a / 23,2A-P-E-300-331T002,1353,2A-P-E-900-330,11556,2A-P-E-900-331.1,1642
RP-F-1-j-1-02 / 17,2A-P-E-900-252.4,3751,2A-P-E-300-252.1T004,1690,2A-P-E-900-252.1,8462
RP-F-1-j-1-02 / 23,2A-P-E-900-231.1,2331,2A-P-E-900-231,47946,2A-P-E-300-252.1T004,1690,2A-P-E-900-251.1,12198,2A-P-E-900-252.1,6055
RP-F-1-j-1-02 / 18,2A-P-E-900-231.1,2331,2A-P-E-900-231,47946,2A-P-E-300-252.1T004,1690,2A-P-E-900-251.1,12198
RP-F-1-j-1-02 / 21,2A-P-E-900-252.4,3751,2A-P-E-600-249,3070,2A-P-E-300-252.1T004,1690,2A-P-E-900-252.1,8462
RP-F-1-j-1-02 / 22,2A-P-E-900-252.4,3751,2A-P-E-600-249,3070,2A-P-E-300-252.1T004,1690,2A-P-E-900-252.1,2407
RP-F-1-j-1-02 / 12,2A-P-E-900-252.4,3751,2A-P-E-300-252.1T004,1690,2A-P-E-900-252.1,8462
RP-E-1-j-1-02-a / 33,2A-P-T-900-308,7351,2A-P-T-900-325,1093,2A-P-E-300-306T005,1585
RP-E-1-j-1-02-a / 19,2A-P-T-900-308,7351,2A-P-T-900-325,5134,2A-P-E-300-306T005,1585
RP-E-1-j-1-02-a / 11,2A-P-T-900-308,7351,2A-P-T-600-321,34597,2A-P-E-300-306T005,1585
RP-E-1-j-1-02-a / 20,2A-P-T-900-308,7351,2A-P-T-900-325,27491,2A-P-E-300-306T005,1585
RP-E-1-j-1-02-a / 17,2A-P-E-900-316,9283,2A-P-E-900-317,9148,2A-P-E-300-317,10130,2A-P-E-600-306,2715,2A-P-E-900-323,425,2A-P-E-300-306T005,1585
RP-E-1-j-1-02-a / 18,2A-P-T-900-308,7351,2A-P-T-900-325,15229,2A-P-E-300-306T005,1585
RP-E-1-j-1-02 / 21,2A-P-T-900-211,26028,2A-P-T-900-234,13135,2A-P-E-300-209T008,1952
RP-E-1-j-1-02 / 29,2A-P-T-900-211,26028,2A-P-T-600-236,34148,2A-P-E-300-209T008,1952
RP-E-1-j-1-02 / 24,2A-P-E-900-235,9106,2A-P-E-900-256,7938,2A-P-E-900-231,523,2A-P-E-300-256,17581,2A-P-E-600-209,3317,2A-P-E-600-210,11575,2A-P-E-300-209T008,1952
RP-E-1-j-1-02 / 23,2A-P-T-900-211,26028,2A-P-E-900-235,9106,2A-P-E-900-256,7938,2A-P-E-900-231,523,2A-P-E-300-256,17581,2A-P-E-600-209,3317,2A-P-E-600-210,11575,2A-P-E-300-209T008,1952
RP-E-1-j-1-02 / 22,2A-P-E-900-235,9106,2A-P-E-900-256,7938,2A-P-E-900-231,523,2A-P-E-300-256,17581,2A-P-E-600-209,3317,2A-P-E-600-210,11575,2A-P-E-300-209T008,1952
RP-E-1-j-1-02 / 31,2A-P-E-900-235,9106,2A-P-E-900-256,7938,2A-P-E-900-231,523,2A-P-E-300-256,17581,2A-P-E-600-209,3317,2A-P-E-600-210,11575,2A-P-E-300-209T008,1952
RP-E-1-j-1-02 / 32,2A-P-E-900-235,9106,2A-P-E-900-256,7938,2A-P-E-900-231,523,2A-P-E-300-256,17581,2A-P-E-600-209,3317,2A-P-E-600-210,11575,2A-P-E-300-209T008,1952
RP-E-1-j-1-02 / 33,2A-P-E-900-235,9106,2A-P-E-900-256,7938,2A-P-E-900-231,523,2A-P-E-300-256,17581,2A-P-E-600-209,3317,2A-P-E-600-210,11575,2A-P-E-300-209T008,1952
RP-E-1-j-1-02 / 34,2A-P-T-900-211,26028,2A-P-T-900-234,5068,2A-P-E-300-209T008,1952
RP-E-1-j-1-02 / 35,2A-P-T-900-211,26028,2A-P-T-900-234,1314,2A-P-T-600-237,2039,2A-P-E-300-209T008,1952
RP-E-1-j-1-02 / 17,2A-P-T-900-211,26028,2A-P-T-600-236,34148,2A-P-E-300-209T008,1952
PP-F-1-j-1-07 / 02,2A-P-T-600-325.2,17500,2A-P-T-600-326,23404,2A-P-T-600-332,23270,2A-P-E-300-331T010,1353,2A-P-E-900-331.1,1638
PP-F-1-j-1-07 / 05,2A-P-T-600-325.2,17500,2A-P-T-600-326,23404,2A-P-T-600-332,23270,2A-P-E-300-331T010,1353,2A-P-E-900-331.1,1638
PP-F-1-j-1-07 / 08,2A-P-T-600-325.2,17500,2A-P-T-600-326,17866,2A-P-T-600-332,23270,2A-P-E-300-331T010,1353,2A-P-E-900-331.1,1638
PP-F-1-j-1-07 / 11,2A-P-T-600-325.2,17500,2A-P-T-600-326,17866,2A-P-T-600-332,23270,2A-P-E-300-331T010,1353,2A-P-E-900-331.1,1638
PP-F-1-j-1-07 / 14,2A-P-E-900-324,92351,2A-P-T-600-332,6860,2A-P-E-300-331T010,1353,2A-P-E-900-331.1,1638
PP-F-1-j-1-07 / 17,2A-P-E-900-324,12399,2A-P-E-300-331T010,1353,2A-P-E-900-331.1,1638
PP-F-1-j-1-06 / 10,2A-P-T-900-325.1,27565,2A-P-T-600-326,6528,2A-P-E-300-331T001,1353,2A-P-T-600-332,23270
PP-F-1-j-1-06 / 09,2A-P-T-600-325.2,17500,2A-P-T-600-326,1641,2A-P-E-300-331T001,1353,2A-P-T-600-332,23270
PP-F-1-j-1-06 / 08,2A-P-T-900-325.1,4359,2A-P-E-300-331T001,1353,2A-P-T-600-332,23270
PP-F-1-j-1-06 / 22,2A-P-T-600-325.2,17500,2A-P-E-300-331T001,1353,2A-P-T-600-332,23270
PP-F-1-j-1-06 / 21,2A-P-E-300-331T001,1353,2A-P-T-600-332,23270
PP-F-1-j-1-06 / 20,2A-P-E-300-331T001,1353,2A-P-T-600-332,23270
PP-F-1-j-1-06 / 18,2A-P-T-900-325.1,27565,2A-P-E-300-331T001,1353,2A-P-T-600-332,23270
PP-F-1-j-1-06 / 17,2A-P-T-900-325.1,27565,2A-P-E-300-331T001,1353,2A-P-T-600-332,23270
PP-F-1-j-1-06 / 16,2A-P-E-300-331T001,1353,2A-P-T-600-332,6860
PP-F-1-j-1-06 / 14,2A-P-T-600-325.2,17500,2A-P-T-600-326,1641,2A-P-E-300-331T001,1353,2A-P-T-600-332,23270
PP-F-1-j-1-06 / 13,2A-P-T-900-325.1,27565,2A-P-T-600-326,6528,2A-P-E-300-331T001,1353,2A-P-T-600-332,23270
PP-F-1-j-1-06 / 04,2A-P-T-900-325.1,23206,2A-P-T-600-326,6528,2A-P-E-300-331T001,1353,2A-P-T-600-332,23270
PP-F-1-j-1-06 / 03,2A-P-T-600-325.2,17500,2A-P-T-600-326,33734,2A-P-E-300-331T001,1353,2A-P-T-600-332,23270
PP-F-1-j-1-06 / 23,2A-P-E-300-331T001,1353,2A-P-E-900-330,11556,2A-P-E-900-331.1,1642
PP-F-1-j-1-03 / 06,2A-P-T-600-254,15732,2A-P-E-300-234.1,11431,2A-P-E-300-253.1T006,1690
PP-F-1-j-1-03 / 16,2A-P-T-900-211,5976,2A-P-T-600-254,15732,2A-P-E-900-207,10499,2A-P-T-900-234,82663,2A-P-E-300-253.1T006,1690
PP-F-1-j-1-03 / 14,2A-P-T-600-254,15732,2A-P-E-300-234.1,4553,2A-P-E-300-253.1T006,1690
PP-F-1-j-1-03 / 21,2A-P-E-900-253.3,7785,2A-P-E-900-323.1,63903,2A-P-E-900-253.1,1673,2A-P-E-300-253.1T006,1690,2A-P-E-900-330,16936,2A-P-E-900-271,7940
PP-E-1-m-04 / 10,no ruteado,0
PP-E-1-m-04 / 11,no ruteado,0
PP-E-1-m-04 / 07,2A-P-E-450-501,4984,2A-P-E-300-501T003,1366,2A-P-E-300-501T006,1366
PP-E-1-m-04 / 01,no ruteado,0
PP-E-1-m-04 / 14,no ruteado,0
PP-E-1-m-04 / 04,no ruteado,0
PP-E-1-m-04 / 05,no ruteado,0
PP-E-1-m-04 / 08,no ruteado,0
PP-E-1-m-04 / 02,no ruteado,0
PP-E-1-m-04 / 03,no ruteado,0
PP-E-1-m-04 / 09,no ruteado,0
PP-E-1-m-03 / 04,2A-P-E-450-521,905,2A-P-E-300-521T001,1270,2A-P-E-300-521T002,1270
PP-E-1-m-03 / 05,no ruteado,0
PP-E-1-m-02 / 02,no ruteado,0
PP-E-1-m-02 / 04,2A-P-E-450-511,3984,2A-P-E-450-512,1970,2A-P-E-300-511T002,1220,2A-P-E-300-512T003,1540
PP-E-1-m-02 / 10,no ruteado,0
PP-E-1-j-1-08 / 02,2A-P-E-900-316,9283,2A-P-E-900-270,7938,2A-P-E-600-320,19371,2A-P-E-300-307T004,1185,2A-P-E-600-306,2715,2A-P-E-900-323,425
PP-E-1-j-1-08 / 05,2A-P-E-900-316,9283,2A-P-E-900-270,7938,2A-P-E-600-320,19371,2A-P-E-300-307T004,1185,2A-P-E-600-306,2715,2A-P-E-900-323,425
PP-E-1-j-1-08 / 08,2A-P-E-900-316,9283,2A-P-E-900-270,7938,2A-P-E-600-320,19371,2A-P-E-300-307T004,1185,2A-P-E-600-306,2715,2A-P-E-900-323,425
PP-E-1-j-1-08 / 11,2A-P-E-900-316,9283,2A-P-E-900-270,7938,2A-P-E-600-320,19371,2A-P-E-300-307T004,1185,2A-P-E-600-306,2715,2A-P-E-900-323,425
PP-E-1-j-1-08 / 14,2A-P-E-900-316,9283,2A-P-E-900-270,7938,2A-P-E-600-320,19371,2A-P-E-300-307T004,1185,2A-P-E-600-306,2715,2A-P-E-900-323,425
PP-E-1-j-1-08 / 17,2A-P-E-900-316,9283,2A-P-E-900-270,7938,2A-P-E-600-320,19371,2A-P-E-300-307T004,1185,2A-P-E-600-306,2715,2A-P-E-900-323,425
PP-E-1-j-1-02 / 08,2A-P-T-900-308,7351,2A-P-T-600-321,14116,2A-P-E-300-307T009,1185
PP-E-1-j-1-02 / 07,2A-P-T-900-308,7351,2A-P-T-600-321,41724,2A-P-E-300-307T009,1185
PP-E-1-j-1-02 / 06,2A-P-T-900-308,7351,2A-P-T-600-321,21232,2A-P-E-300-307T009,1185
XFMR E-1-m-1-02 / 04,no ruteado,0
PP-E-1-j-1-02 / 14,2A-P-E-900-316,9283,2A-P-E-600-320,19371,2A-P-E-600-306,8075,2A-P-E-300-307T009,1185,2A-P-E-900-323,425
PP-E-1-j-1-01 / 01,2A-P-T-900-211,26028,2A-P-T-900-234,20273,2A-P-E-300-210T010,1552
PP-E-1-j-1-01 / 02,2A-P-T-900-211,26028,2A-P-T-900-234,48105,2B-P-T-300-241.1,32191,2A-P-E-300-210T010,1552
PP-E-1-j-1-01 / 03,2A-P-T-900-211,26028,2A-P-T-600-236,34148,2A-P-E-300-210T010,1552
PP-E-1-j-1-01 / 04,2A-P-T-900-211,26028,2A-P-T-600-236,34148,2A-P-E-300-210T010,970
PP-E-1-j-1-01 / 08,2A-P-T-900-211,26028,2A-P-T-600-236,22210,2A-P-E-300-210T010,1552
PP-E-1-j-1-01 / 09,2A-P-T-900-211,26028,2A-P-T-600-236,23673,2A-P-E-300-210T010,1552
PP-E-1-j-1-01 / 10,2A-P-T-900-211,26028,2A-P-T-600-236,34148,2A-P-E-300-210T010,1552
PP-E-1-j-1-01 / 11,2A-P-T-900-211,26028,2A-P-T-900-234,4238,2A-P-E-300-210T010,1552
PP-E-1-j-1-01 / 13,2A-P-T-900-211,26028,2A-P-T-900-234,20273,2A-P-E-300-210T010,1552
UP-F-1-j-1-01-SB-04 / 05,2A-P-T-300-341,5844
MOTST-EF-CB 2A-02 / 05,no ruteado,0
MOTST-EF CB-2A-01 / 04,no ruteado,0
ATS-FS-2A-01 / 1a,no ruteado,0
ATS-FS-2A-01 / 1b,no ruteado,0
PP-E-1-m-02 / 09,no ruteado,0
PP-E-1-m-02 / 11,no ruteado,0
PP-E-1-m-02 / 08,no ruteado,0
CP-FP-03 / 02,no ruteado,0
CP-FP-03 / 01,no ruteado,0
CP-CHT-04-a / 06,no ruteado,0
CP-CHT-04-a / 02,no ruteado,0
CP-CHT-04-a / 01,no ruteado,0
CP-CHT-04 / 07,2A-P-E-450-500,3219,2A-P-E-300-501T004,1366
CP-CHT-04 / 08,2A-P-E-450-500,3219,2A-P-E-300-501T004,1366
CP-CHT-04 / 06,no ruteado,0
CP-CHT-04 / 09,2A-P-E-450-500,3219,2A-P-E-300-501T004,1366,2A-P-E-450-520,3070,2A-P-E-450-521,6106,2A-P-E-300-521T003,1270
CP-CHT-04 / 04,no ruteado,0
CP-CHT-04 / 03,no ruteado,0
CP-CHT-04 / 05,no ruteado,0
CP-CHT-04 / 02,no ruteado,0
CP-CHT-04 / 10,no ruteado,0
CP-CHT-04 / 01,no ruteado,0
Control Panel CHT / ,no ruteado,0
ATS-FS-2A-02 / 01,no ruteado,0
EP-E-1-j-1-a/ 02,no ruteado,0
LP-F-1-j-1-03/ 14,no ruteado,0
LP-F-1-j-1-03/ 17,no ruteado,0
UP-F-1-j-1-01-SB-06 / 09,2A-P-T-300-340,9316
UP-F-1-j-1-01-SB-06 / 16,2A-P-T-300-340,9316
UP-F-1-j-1-01-SB-06 / 15,2A-P-T-300-340,9316
UP-F-1-j-1-01-SB-06 / 13,2A-P-T-300-340,9316
UP-F-1-j-1-01-SB-06 / 12,2A-P-T-300-340,9316
UP-F-1-j-1-01-SB-06 / 11,2A-P-T-300-340,9316
UP-F-1-j-1-01-SB-06 / 10,2A-P-T-300-340,9316
UP-F-1-j-1-01-SB-06 / 05,2A-P-T-300-340,5844
UP-F-1-j-1-01-SB-06 / 08,2A-P-T-300-340,5844
UP-F-1-j-1-01-SB-06 / 07,2A-P-T-300-340,5844
UP-F-1-j-1-01-SB-06 / 06,2A-P-T-300-340,5844
UP-F-1-j-1-01-SB-06 / 01,2A-P-T-300-340,5844
UP-F-1-j-1-01-SB-06 / 04,2A-P-T-300-340,5844
UP-F-1-j-1-01-SB-06 / 03,2A-P-T-300-340,5844
UP-F-1-j-1-01-SB-06 / 02,2A-P-T-300-340,5844
UP-F-1-j-1-01-SB-05 / 16,2A-P-T-300-245,9289
UP-F-1-j-1-01-SB-05 / 15,2A-P-T-300-245,9289
UP-F-1-j-1-01-SB-05 / 13,2A-P-T-300-245,9289
UP-F-1-j-1-01-SB-05 / 12,2A-P-T-300-245,9289
UP-F-1-j-1-01-SB-05 / 11,2A-P-T-300-245,9289
UP-F-1-j-1-01-SB-05 / 10,2A-P-T-300-245,9289
UP-F-1-j-1-01-SB-05 / 09,2A-P-T-300-245,9289
UP-F-1-j-1-01-SB-05 / 08,2A-P-T-300-245,5847
UP-F-1-j-1-01-SB-05 / 07,2A-P-T-300-245,5847
UP-F-1-j-1-01-SB-05 / 06,2A-P-T-300-245,5847
UP-F-1-j-1-01-SB-05 / 05,2A-P-T-300-245,5847
UP-F-1-j-1-01-SB-05 / 04,2A-P-T-300-245,5847
UP-F-1-j-1-01-SB-05 / 03,2A-P-T-300-245,5847
UP-F-1-j-1-01-SB-05 / 02,2A-P-T-300-245,5847
USP-E-1-j-1-01-NA-1-1 / 36,2A-P-T-900-211,26028,2B-P-T-600-215,13466,2A-P-T-900-234,1314,2B-P-E-300-216T004,2248,2A-P-T-600-237,31142,2A-P-E-900-238,607,2A-P-E-900-239,2806,2A-P-E-900-232.1,40325,2A-P-E-300-238.2T001,985
UP-F-1-j-1-01-SB-05 / 01,2A-P-T-300-245,5847
USP-E-1-j-1-02-NA-1-1 / 01,2B-P-T-600-215,27098,2B-P-E-300-216T004,2248
USP-E-1-j-1-02-NA-1-1 / 02,2B-P-T-600-215,27098,2B-P-E-300-216T004,2248,2B-P-T-300-242,36591,2B-P-T-300-243,8503
USP-E-1-j-1-02-NA-1-1 / 03,2B-P-T-600-215,27098,2B-P-E-300-216T004,2248,2B-P-T-300-242,36591,2B-P-T-300-243,8503
USP-E-1-j-1-02-NA-1-1 / 04,2B-P-T-600-215,27098,2B-P-E-300-216T004,2248,2B-P-T-300-242,36591
USP-E-1-j-1-02-NA-1-1 / 05,2B-P-T-600-215,7706,2B-P-E-300-216T004,2248
USP-E-1-j-1-02-NA-1-1 / 06,2B-P-T-600-215,7706,2B-P-E-300-216T004,2248
USP-E-1-j-1-02-NA-1-1 / 07,2B-P-T-600-215,27098,2B-P-E-300-216T004,2248
USP-E-1-j-1-02-NA-1-1 / 08,2B-P-T-600-215,7706,2B-P-E-300-216T004,2248
USP-E-1-j-1-02-NA-1-1 / 09,2B-P-T-600-215,27098,2B-P-E-300-216T004,2248,2B-P-T-300-242,36591,2B-P-T-300-243,33775
USP-E-1-j-1-02-NA-1-1 / 10,2B-P-T-600-215,27098,2B-P-E-300-216T004,2248,2B-P-T-300-242,36591,2B-P-T-300-244,16431
USP-E-1-j-1-02-NA-1-1 / 11,2B-P-T-600-215,27098,2B-P-E-300-216T004,2248,2B-P-T-300-242,36591,2B-P-T-300-243,21550
USP-E-1-j-1-02-NA-1-1 / 12,2B-P-T-600-215,27098,2B-P-E-300-216T004,2248,2B-P-T-300-242,36591,2B-P-T-300-244,11245
USP-E-1-j-1-02-NA-1-1 / 13,2B-P-T-600-215,27098,2B-P-E-300-216T004,2248,2B-P-T-300-242,36591,2B-P-T-300-243,8503
USP-E-1-j-1-02-NA-1-1 / 14,2B-P-T-600-215,27098,2B-P-E-300-216T004,2248,2B-P-T-300-242,36591,2B-P-T-300-244,3873
USP-E-1-j-1-02-NA-1-1 / 15,2B-P-T-600-215,7706,2B-P-E-300-216T004,2248
USP-E-1-j-1-02-NA-1-1 / 16,2B-P-T-600-215,7706,2B-P-E-300-216T004,2248
USP-E-1-j-1-02-NA-1-1 / 24,no ruteado,0
USP-E-1-j-1-02-NA-1-1 / 25,no ruteado,0
UP-F-1-j-1-01-SB-05 / 14,2A-P-T-300-245,9289
UP-F-1-j-1-01-SB-04 / 01,2A-P-T-300-341,5844
UP-F-1-j-1-01-SB-04 / 16,2A-P-T-300-341,9316
UP-F-1-j-1-01-SB-04 / 15,2A-P-T-300-341,9316
UP-F-1-j-1-01-SB-04 / 14,2A-P-T-300-341,9316
UP-F-1-j-1-01-SB-04 / 13,2A-P-T-300-341,9316
UP-F-1-j-1-01-SB-04 / 12,2A-P-T-300-341,9316
UP-F-1-j-1-01-SB-04 / 11,2A-P-T-300-341,9316
UP-F-1-j-1-01-SB-04 / 10,2A-P-T-300-341,9316
UP-F-1-j-1-01-SB-04 / 09,2A-P-T-300-341,9316
UP-F-1-j-1-01-SB-04 / 08,2A-P-T-300-341,5844
UP-F-1-j-1-01-SB-04 / 07,2A-P-T-300-341,5844
UP-F-1-j-1-01-SB-04 / 06,2A-P-T-300-341,5844
UP-F-1-j-1-01-SB-04 / 04,2A-P-T-300-341,5844
UP-F-1-j-1-01-SB-04 / 03,2A-P-T-300-341,5844
UP-F-1-j-1-01-SB-04 / 02,2A-P-T-300-341,5844
UP-F-1-j-1-01-SB-03 / 01,2A-P-T-300-243,5847
UP-F-1-j-1-01-SB-03 / 16,2A-P-T-300-243,9879
UP-F-1-j-1-01-SB-03 / 15,2A-P-T-300-243,9879
UP-F-1-j-1-01-SB-03 / 14,2A-P-T-300-243,9879
UP-F-1-j-1-01-SB-03 / 13,2A-P-T-300-243,9879
UP-F-1-j-1-01-SB-03 / 12,2A-P-T-300-243,9879
UP-F-1-j-1-01-SB-03 / 07,2A-P-T-300-243,5847
UP-F-1-j-1-01-SB-03 / 05,2A-P-T-300-243,5847
UP-F-1-j-1-01-SB-03 / 11,2A-P-T-300-243,9879
UP-F-1-j-1-01-SB-03 / 10,2A-P-T-300-243,9879
UP-F-1-j-1-01-SB-03 / 09,2A-P-T-300-243,9879
UP-F-1-j-1-01-SB-03 / 08,2A-P-T-300-243,5847
UP-F-1-j-1-01-SB-03 / 06,2A-P-T-300-243,5847
UP-F-1-j-1-01-SB-03 / 04,2A-P-T-300-243,5847
UP-F-1-j-1-01-SB-03 / 03,2A-P-T-300-243,5847
UP-F-1-j-1-01-SB-03 / 02,2A-P-T-300-243,5847
UP-E-1-j-1-01-NA-06 / 16,2A-P-T-300-340,9316
USP-F-1-j-1-01-SB-1-1-a / 29,2A-P-E-900-253.3,8333,2A-P-T-600-246,27699,2A-P-T-500-244,4542,2A-P-T-500-242,2944,2A-P-T-500-244.1,12173,2A-P-T-500-244.3,3679,2A-P-T-500-244.2,9473,2A-P-E-300-331T011,1353,2A-P-E-900-330,16936,2A-P-E-900-271,7940,2A-P-E-900-259,5425,2A-P-E-900-331.1,1917
USP-F-1-j-1-01-SB-1-1-a / 30,2A-P-E-900-253.3,8333,2A-P-T-600-246,27699,2A-P-T-300-272,8142,2A-P-T-300-335,6891,2A-P-T-300-335.3,17721,2A-P-T-300-335.1,2282,2A-P-T-300-335.2,9589,2A-P-E-300-331T011,1353,2A-P-E-900-330,16936,2A-P-E-900-271,7940,2A-P-E-900-259,5425,2A-P-E-900-331.1,1917
USP-E-1-j-1-01-NA-1-1-a / 34,2B-P-E-300-306T001,2049,2B-P-T-600-307,41105
USP-E-1-j-1-02-NA-1-1-a / 01,2B-P-E-300-306T001,2049
USP-E-1-j-1-02-NA-1-1-a / 02,2B-P-E-300-306T001,2049,2B-P-T-600-307,20957,2B-P-T-300-342,36898,2B-P-T-300-343,8356
USP-E-1-j-1-02-NA-1-1-a / 03,2B-P-E-300-306T001,2049,2B-P-T-600-307,20957,2B-P-T-300-342,36898,2B-P-T-300-344,8329
USP-E-1-j-1-02-NA-1-1-a / 04,2B-P-E-300-306T001,2049,2B-P-T-600-307,20957,2B-P-T-300-342,36898,2B-P-T-300-342.1,3643
USP-E-1-j-1-02-NA-1-1-a / 05,2B-P-E-300-306T001,2049,2B-P-T-600-307,7274
USP-E-1-j-1-02-NA-1-1-a / 06,2B-P-E-300-306T001,2049,2B-P-T-600-307,7274
USP-E-1-j-1-02-NA-1-1-a / 07,2B-P-E-300-306T001,2049,2B-P-T-600-307,28231
USP-E-1-j-1-02-NA-1-1-a / 08,2B-P-E-300-306T001,2049,2B-P-T-600-307,28231,2B-P-T-300-342,36898
USP-E-1-j-1-02-NA-1-1-a / 09,2B-P-E-300-306T001,2049,2B-P-T-600-307,24368,2B-P-T-300-342,36898,2B-P-T-300-343,31744
USP-E-1-j-1-02-NA-1-1-a / 10,2B-P-E-300-306T001,2049,2B-P-T-600-307,24368,2B-P-T-300-342,36898,2B-P-T-300-344,29272
USP-E-1-j-1-02-NA-1-1-a / 11,2B-P-E-300-306T001,2049,2B-P-T-600-307,24368,2B-P-T-300-342,36898,2B-P-T-300-343,26444
USP-E-1-j-1-02-NA-1-1-a / 12,2B-P-E-300-306T001,2049,2B-P-T-600-307,24368,2B-P-T-300-342,36898,2B-P-T-300-344,11537
USP-E-1-j-1-02-NA-1-1-a / 13,2B-P-E-300-306T001,2049,2B-P-T-600-307,24368,2B-P-T-300-342,36898,2B-P-T-300-343,8356
USP-E-1-j-1-02-NA-1-1-a / 14,2B-P-E-300-306T001,2049,2B-P-T-600-307,24368,2B-P-T-300-342,36898,2B-P-T-300-344,4488
USP-E-1-j-1-02-NA-1-1-a / 15,2B-P-E-300-306T001,2049,2B-P-T-600-307,7274
USP-E-1-j-1-02-NA-1-1-a / 16,2B-P-E-300-306T001,2049,2B-P-T-600-307,7274
USP-E-1-j-1-02-NA-1-1-a / 24,no ruteado,0
USP-E-1-j-1-02-NA-1-1-a / 25,no ruteado,0
USP-F-1-j-1-01-SB-1-1-a / 31,2A-P-T-900-308,13472,2A-P-T-900-325,66748,2A-P-T-900-325.1,27565,2A-P-E-900-218,7646,2A-P-E-300-331T011,1353,2A-P-T-600-332,23270
USP-F-1-j-1-01-SB-1-1-a / 32,2A-P-E-900-231,7873,2A-P-T-900-325.1,27565,2A-P-T-900-325,16736,2A-P-E-900-238,1879,2A-P-E-300-331T011,1353,2A-P-T-600-332,23270,2A-P-E-600-345,6566
USP-F-1-j-1-01-SB-1-1-a / 33,2A-P-T-900-325,66748,2A-P-T-900-325.1,27565,2A-P-E-600-315,6095,2A-P-E-300-331T011,1353,2A-P-T-600-332,23270
UP-E-1-j-1-01-NA-06 / 15,2A-P-T-300-340,9316
UP-E-1-j-1-01-NA-06 / 14,2A-P-T-300-340,9316
UP-E-1-j-1-01-NA-06 / 13,2A-P-T-300-340,9316
UP-E-1-j-1-01-NA-06 / 12,2A-P-T-300-340,9316
UP-E-1-j-1-01-NA-06 / 11,2A-P-T-300-340,9316
UP-E-1-j-1-01-NA-06 / 10,2A-P-T-300-340,9316
UP-E-1-j-1-01-NA-06 / 09,2A-P-T-300-340,9316
UP-E-1-j-1-01-NA-06 / 08,2A-P-T-300-340,5844
UP-E-1-j-1-01-NA-06 / 07,2A-P-T-300-340,5844
UP-E-1-j-1-01-NA-06 / 06,2A-P-T-300-340,5844
UP-E-1-j-1-01-NA-06 / 05,2A-P-T-300-340,5844
UP-E-1-j-1-01-NA-06 / 04,2A-P-T-300-340,5844
UP-E-1-j-1-01-NA-06 / 03,2A-P-T-300-340,5844
UP-E-1-j-1-01-NA-06 / 02,2A-P-T-300-340,5844
UP-E-1-j-1-01-NA-06 / 01,2A-P-T-300-340,5844
UP-E-1-j-1-01-NA-05 / 14,2A-P-T-300-245,9289
UP-E-1-j-1-01-NA-05 / 16,2A-P-T-300-245,9289
UP-E-1-j-1-01-NA-05 / 15,2A-P-T-300-245,9289
UP-E-1-j-1-01-NA-05 / 13,2A-P-T-300-245,9289
UP-E-1-j-1-01-NA-05 / 12,2A-P-T-300-245,9289
UP-E-1-j-1-01-NA-05 / 11,2A-P-T-300-245,9289
UP-E-1-j-1-01-NA-05 / 10,2A-P-T-300-245,9289
USP-E-1-j-1-01-NA-1-1-a / 32,2A-P-E-900-324,114817,2A-P-E-900-252.4,527,2A-P-E-600-307,16479,2A-P-E-300-307T010,1552,2A-P-E-900-331.1,1917,2A-P-E-900-331.2,1922
UP-E-1-j-1-01-NA-05 / 09,2A-P-T-300-245,9289
UP-E-1-j-1-01-NA-05 / 08,2A-P-T-300-245,5847
UP-E-1-j-1-01-NA-05 / 07,2A-P-T-300-245,5847
UP-E-1-j-1-01-NA-05 / 06,2A-P-T-300-245,5847
UP-E-1-j-1-01-NA-05 / 05,2A-P-T-300-245,5847
UP-E-1-j-1-01-NA-05 / 04,2A-P-T-300-245,5847
UP-E-1-j-1-01-NA-05 / 03,2A-P-T-300-245,5847
UP-E-1-j-1-01-NA-05 / 02,2A-P-T-300-245,5847
UP-E-1-j-1-01-NA-05 / 01,2A-P-T-300-245,5847
UP-E-1-j-1-01-NA-04 / 16,2A-P-T-300-341,9316
UP-E-1-j-1-01-NA-04 / 15,2A-P-T-300-341,9316
UP-E-1-j-1-01-NA-04 / 13,2A-P-T-300-341,9316
UP-E-1-j-1-01-NA-04 / 14,2A-P-T-300-341,9316
UP-E-1-j-1-01-NA-04 / 12,2A-P-T-300-341,9316
USP-F-1-j-1-01-SB-1-1 / 39,2A-P-E-900-231.1,2331,2A-P-E-900-231,84141,2A-P-E-900-251.2,8000,2A-P-E-900-231.2,1995,2B-P-E-600-216,11762,2B-P-E-300-216T003,2248,2A-P-E-600-209,3317,2A-P-E-300-253.2T001,1235,2A-P-E-600-210,11575
UP-E-1-j-1-01-NA-04 / 11,2A-P-T-300-341,9316
USP-F-1-j-1-02-SB-1-1 / 01,2B-P-E-300-216T003,2248,2B-P-E-600-216,23812
USP-F-1-j-1-02-SB-1-1 / 02,2B-P-E-600-216,11293,2B-P-E-300-216T003,2248,2B-P-T-300-241,36841,2B-P-T-300-243,25272
USP-F-1-j-1-02-SB-1-1 / 03,2B-P-E-600-216,11293,2B-P-E-300-216T003,2248,2B-P-T-300-241,36841,2B-P-T-300-244,25237
USP-F-1-j-1-02-SB-1-1 / 04,2B-P-E-600-216,11293,2B-P-E-300-216T003,2248,2B-P-T-300-241,36841,2B-P-T-300-243,33775
USP-F-1-j-1-02-SB-1-1 / 05,2B-P-E-600-216,6827,2B-P-E-300-216T003,2248
USP-F-1-j-1-02-SB-1-1 / 06,2B-P-E-600-216,6827,2B-P-E-300-216T003,2248
USP-F-1-j-1-02-SB-1-1 / 07,2B-P-E-600-216,11293,2B-P-E-300-216T003,2248,2B-P-T-300-241,36841,2B-P-T-300-245,17313,2B-P-T-300-241.1,32191
USP-F-1-j-1-02-SB-1-1 / 08,2B-P-E-600-216,11293,2B-P-E-300-216T003,2248,2B-P-T-300-241,36841,2B-P-T-300-244,4544
USP-F-1-j-1-02-SB-1-1 / 09,2B-P-E-600-216,11293,2B-P-E-300-216T003,2248,2B-P-T-300-241,36841,2B-P-T-300-243,8922
USP-F-1-j-1-02-SB-1-1 / 10,2B-P-E-600-216,11293,2B-P-E-300-216T003,2248,2B-P-T-300-241,36841,2B-P-T-300-244,12191
USP-F-1-j-1-02-SB-1-1 / 11,2B-P-E-600-216,11293,2B-P-E-300-216T003,2248,2B-P-T-300-241,36841,2B-P-T-300-243,22579
USP-F-1-j-1-02-SB-1-1 / 12,2B-P-E-600-216,11293,2B-P-E-300-216T003,2248,2B-P-T-300-241,36841,2B-P-T-300-244,25237
USP-F-1-j-1-02-SB-1-1 / 13,2B-P-E-600-216,11293,2B-P-E-300-216T003,2248,2B-P-T-300-241,36841,2B-P-T-300-243,29931
USP-F-1-j-1-02-SB-1-1 / 14,2B-P-E-300-216T003,2248,2B-P-E-600-216,23232
USP-F-1-j-1-02-SB-1-1 / 15,2B-P-E-300-216T003,2248,2B-P-E-600-216,23232
USP-F-1-j-1-02-SB-1-1 / 24,no ruteado,0
USP-F-1-j-1-02-SB-1-1 / 25,no ruteado,0
UP-E-1-j-1-01-NA-04 / 10,2A-P-T-300-341,9316
UP-E-1-j-1-01-NA-04 / 08,2A-P-T-300-341,5844
UP-E-1-j-1-01-NA-04 / 07,2A-P-T-300-341,5844
UP-E-1-j-1-01-NA-04 / 06,2A-P-T-300-341,5844
UP-E-1-j-1-01-NA-04 / 05,2A-P-T-300-341,5844
UP-E-1-j-1-01-NA-04 / 04,2A-P-T-300-341,5844
UP-E-1-j-1-01-NA-04 / 03,2A-P-T-300-341,5844
UP-E-1-j-1-01-NA-04 / 02,2A-P-T-300-341,5844
XFMR E-1-m-1-04 / 01,no ruteado,0
UP-E-1-j-1-01-NA-04 / 01,2A-P-T-300-341,5844
UP-E-1-j-1-01-NA-04 / 09,2A-P-T-300-341,9316
UP-E-1-j-1-01-NA-03 / 16,2A-P-T-300-243,9884
UP-E-1-j-1-01-NA-03 / 15,2A-P-T-300-243,9884
UP-E-1-j-1-01-NA-03 / 13,2A-P-T-300-243,9884
UP-E-1-j-1-01-NA-03 / 12,2A-P-T-300-243,9884
UP-E-1-j-1-01-NA-03 / 11,2A-P-T-300-243,9884
UP-E-1-j-1-01-NA-03 / 10,2A-P-T-300-243,9884
UP-E-1-j-1-01-NA-03 / 09,2A-P-T-300-243,9884
UP-E-1-j-1-01-NA-03 / 08,2A-P-T-300-243,5847
UP-E-1-j-1-01-NA-03 / 07,2A-P-T-300-243,5847
UP-E-1-j-1-01-NA-03 / 14,2A-P-T-300-243,9884
UP-E-1-j-1-01-NA-03 / 06,2A-P-T-300-243,5847
UP-E-1-j-1-01-NA-03 / 05,2A-P-T-300-243,5847
UP-E-1-j-1-01-NA-03 / 04,2A-P-T-300-243,5847
UP-E-1-j-1-01-NA-03 / 03,2A-P-T-300-243,5847
UP-E-1-j-1-01-NA-03 / 02,2A-P-T-300-243,5847
UP-E-1-j-1-01-NA-03 / 01,2A-P-T-300-243,5847
PP-F-1-j-1-07 / 01,2A-P-T-600-325.2,17500,2A-P-T-600-326,23404,2A-P-T-600-332,23270,2A-P-E-300-331T010,1353,2A-P-E-900-331.1,1638
PP-F-1-j-1-07 / 07,2A-P-T-600-325.2,17500,2A-P-T-600-326,17866,2A-P-T-600-332,23270,2A-P-E-300-331T010,1353,2A-P-E-900-331.1,1638
PP-F-1-j-1-07 / 10,2A-P-T-600-325.2,17500,2A-P-T-600-326,17866,2A-P-T-600-332,23270,2A-P-E-300-331T010,1353,2A-P-E-900-331.1,1638
USP-F-1-j-1-01-SB-1-1-a / 34,2A-P-E-900-323.1,54841,2A-P-E-900-323,51076,2A-P-E-600-306,21674,2B-P-E-300-306T002,2049,2A-P-E-300-331T011,1353,2A-P-E-900-331.1,1917
USP-F-1-j-1-02-SB-1-1-a / 01,2B-P-E-600-306,21294,2B-P-T-600-307,20957,2B-P-E-300-306T002,2049
USP-F-1-j-1-02-SB-1-1-a / 02,2B-P-E-600-306,16693,2B-P-E-300-306T002,2049,2B-P-T-300-341,36938,2B-P-T-300-343,25344
USP-F-1-j-1-02-SB-1-1-a / 03,2B-P-E-600-306,16693,2B-P-E-300-306T002,2049,2B-P-T-300-341,36938,2B-P-T-300-344,25371
USP-F-1-j-1-02-SB-1-1-a / 04,2B-P-E-600-306,16693,2B-P-E-300-306T002,2049,2B-P-T-300-341,36938,2B-P-T-300-344,33700,2B-P-T-300-342.1,3643
USP-F-1-j-1-02-SB-1-1-a / 05,2B-P-E-600-306,8057,2B-P-E-300-306T002,2049
USP-F-1-j-1-02-SB-1-1-a / 06,2B-P-E-600-306,8057,2B-P-E-300-306T002,2049
USP-F-1-j-1-02-SB-1-1-a / 08,2B-P-E-600-306,16693,2B-P-E-300-306T002,2049,2B-P-T-300-341,36938,2B-P-T-300-344,1919
USP-F-1-j-1-02-SB-1-1-a / 09,2B-P-E-600-306,16693,2B-P-E-300-306T002,2049,2B-P-T-300-341,36938,2B-P-T-300-343,4449
USP-F-1-j-1-02-SB-1-1-a / 10,2B-P-E-600-306,16693,2B-P-E-300-306T002,2049,2B-P-T-300-341,36938,2B-P-T-300-344,7234
USP-F-1-j-1-02-SB-1-1-a / 11,2B-P-E-600-306,16693,2B-P-E-300-306T002,2049,2B-P-T-300-341,36938,2B-P-T-300-343,22191
USP-F-1-j-1-02-SB-1-1-a / 12,2B-P-E-600-306,16693,2B-P-E-300-306T002,2049,2B-P-T-300-341,36938,2B-P-T-300-344,25371
USP-F-1-j-1-02-SB-1-1-a / 13,2B-P-E-600-306,16693,2B-P-E-300-306T002,2049,2B-P-T-300-341,36938,2B-P-T-300-343,29217
USP-F-1-j-1-02-SB-1-1-a / 14,2B-P-E-600-306,21294,2B-P-E-300-306T002,2049
USP-F-1-j-1-02-SB-1-1-a / 15,2B-P-E-600-306,21294,2B-P-E-300-306T002,2049
USP-F-1-j-1-02-SB-1-1-a / 16,no ruteado,0
USP-F-1-j-1-02-SB-1-1-a / 24,no ruteado,0
USP-F-1-j-1-02-SB-1-1-a / 25,no ruteado,0
USP-E-1-j-1-01-NA-1-1-a / 33,2A-P-T-900-308,21730,2A-P-T-900-325,43037,2A-P-E-900-253.1,10711,2A-P-E-900-232.1,42410,2A-P-E-300-307T010,1552,2A-P-E-600-345,6566
PP-F-1-j-1-07 / 04,2A-P-T-600-325.2,17500,2A-P-T-600-326,23404,2A-P-T-600-332,23270,2A-P-E-300-331T010,1353,2A-P-E-900-331.1,1638
PP-F-1-j-1-07 / 13,2A-P-E-900-324,92351,2A-P-T-600-332,6860,2A-P-E-300-331T010,1353,2A-P-E-900-331.1,1638
PP-F-1-j-1-07 / 16,2A-P-E-900-324,12399,2A-P-E-300-331T010,1353,2A-P-E-900-331.1,1638
LP-E-1-j-1-03 / 12,no ruteado,0
LP-E-1-j-1-03 / 01,no ruteado,0
LP-E-1-j-1-03 / 06,no ruteado,0
LP-E-1-j-1-03 / 07,no ruteado,0
LP-E-1-j-1-03 / 08,no ruteado,0
LP-E-1-j-1-03 / 10,no ruteado,0
LP-E-1-j-1-03 / 03,no ruteado,0
LP-E-1-j-1-03 / 05,no ruteado,0
LP-E-1-j-1-03 / 09,no ruteado,0
LP-E-1-j-1-03 / 11,no ruteado,0
LP-E-1-j-1-03 / 02,no ruteado,0
LP-E-1-j-1-03 / 04,no ruteado,0
DCP F-1-a / 06,no ruteado,0
DCP F-1-a / 05,no ruteado,0
EP-E-1-j-1-a/ 01,no ruteado,0
EP-E-1-j-1-a/ 03,no ruteado,0
EP-E-1-j-1-a/ 04,no ruteado,0
EP-E-1-j-1-a/ 05,no ruteado,0
EP-E-1-j-1-a/ 06,no ruteado,0
EP-E-1-j-1-a/ 07,no ruteado,0
LP-F-1-j-1-03/ 10,no ruteado,0
LP-F-1-j-1-03/ 11,no ruteado,0
LP-F-1-j-1-03/ 12,no ruteado,0
LP-F-1-j-1-03/ 13,no ruteado,0
LP-F-1-j-1-03/ 16,no ruteado,0
GEN E-1-n / 01,no ruteado,0
